lemma	pos	polarity_score	has_polarity	provenance
abstinens	adj	0.5	positive	GOLD
absurdus	adj	-1	negative	GOLD
acceptum	noun	0	neutral	GOLD
accessio	noun	0	neutral	GOLD
accuratus	adj	1	positive	GOLD
acerbitas	noun	-0.5	negative	GOLD
acerbus	adj	-1	negative	GOLD
acroama	noun	0.5	positive	GOLD
actor	noun	0	neutral	GOLD
adiectio	noun	0	neutral	GOLD
adiutor	noun	0	neutral	GOLD
adiutorium	noun	0	neutral	GOLD
adiutrix	noun	-0.5	negative	GOLD
admirabilis	adj	1	positive	GOLD
admirandus	adj	1	positive	GOLD
admiratio	noun	0.5	positive	GOLD
admissum	noun	-0.5	negative	GOLD
admonitio	noun	-0.5	negative	GOLD
adulatio	noun	-0.5	negative	GOLD
adultera	noun	-1	negative	GOLD
adulterinus	adj	-1	negative	GOLD
adulterium	noun	-0.5	negative	GOLD
aeger	adj	-1	negative	GOLD
aeger	noun	-1	negative	GOLD
aegrotus	adj	-1	negative	GOLD
aequalitas	noun	0.5	positive	GOLD
aequum	noun	0.5	positive	GOLD
aerumnosus	adj	-1	negative	GOLD
aestimatio	noun	0	neutral	GOLD
aestimator	noun	0	neutral	GOLD
aeternitas	noun	0.5	positive	GOLD
aeternum	noun	0	neutral	GOLD
affectus	noun	0	neutral	GOLD
affinis	adj	0	neutral	GOLD
affinitas	noun	0	neutral	GOLD
affirmatio	noun	0	neutral	GOLD
afflictus	adj	-1	negative	GOLD
agellus	noun	0	neutral	GOLD
ales	adj	0.5	positive	GOLD
ales	noun	0	neutral	GOLD
alienatio	noun	-0.5	negative	GOLD
alienum	noun	0	neutral	GOLD
alumna	noun	0	neutral	GOLD
amabilis	adj	1	positive	GOLD
ambitiosus	adj	-0.5	negative	GOLD
amicitia	noun	1	positive	GOLD
amicus	adj	1	positive	GOLD
amissio	noun	-1	negative	GOLD
anceps	adj	-0.5	negative	GOLD
anicula	noun	0	neutral	GOLD
animaduersio	noun	-0.5	negative	GOLD
animatus	adj	0.5	positive	GOLD
anxius	adj	-1	negative	GOLD
apparatus	adj	1	positive	GOLD
argentarius	noun	0	neutral	GOLD
argutia	noun	1	positive	GOLD
arrogans	adj	-1	negative	GOLD
asperum	noun	-1	negative	GOLD
assentator	noun	-1	negative	GOLD
assiduitas	noun	0.5	positive	GOLD
assuetudo	noun	0	neutral	GOLD
astrictus	adj	-0.5	negative	GOLD
astus	noun	-0.5	negative	GOLD
athleta	noun	0.5	positive	GOLD
atrocitas	noun	-1	negative	GOLD
atrox	adj	-1	negative	GOLD
auarus	noun	-1	negative	GOLD
auctoramentum	noun	0	neutral	GOLD
audens	adj	1	positive	GOLD
auditor	noun	0	neutral	GOLD
bellus	adj	1	positive	GOLD
benefactum	noun	1	positive	GOLD
beneuolentia	noun	1	positive	GOLD
beneuolus	adj	1	positive	GOLD
benignitas	noun	1	positive	GOLD
benignus	adj	1	positive	GOLD
blanditia	noun	0.5	positive	GOLD
blandus	adj	0.5	positive	GOLD
boni	noun	1	positive	GOLD
caecitas	noun	-1	negative	GOLD
caedes	noun	-0.5	negative	GOLD
calamitas	noun	-1	negative	GOLD
calamitosus	adj	-1	negative	GOLD
calculus	noun	0	neutral	GOLD
calumnia	noun	-1	negative	GOLD
calumniator	noun	-1	negative	GOLD
captio	noun	-1	negative	GOLD
catena	noun	0	neutral	GOLD
catulus	noun	0	neutral	GOLD
cauillatio	noun	-0.5	negative	GOLD
cautus	adj	1	positive	GOLD
certum	noun	0	neutral	GOLD
circumscriptio	noun	-0.5	negative	GOLD
clades	noun	-1	negative	GOLD
clemens	adj	1	positive	GOLD
clementia	noun	1	positive	GOLD
cliens	noun	0	neutral	GOLD
clodianus	adj	0	neutral	GOLD
coercitio	noun	-1	negative	GOLD
cognatio	noun	0	neutral	GOLD
cognitor	noun	0	neutral	GOLD
cognitus	adj	0	neutral	GOLD
colaphus	noun	0	neutral	GOLD
collibertus	noun	0	neutral	GOLD
colluuio	noun	-1	negative	GOLD
comitatus	adj	0	neutral	GOLD
commemoratio	noun	0	neutral	GOLD
commendatio	noun	0.5	positive	GOLD
commotus	adj	-0.5	negative	GOLD
compertus	adj	0	neutral	GOLD
compositus	adj	0.5	positive	GOLD
conatus	noun	0	neutral	GOLD
concinnus	adj	1	positive	GOLD
concordia	noun	1	positive	GOLD
condimentum	noun	0.5	positive	GOLD
confessio	noun	0	neutral	GOLD
confessum	noun	0	neutral	GOLD
congiarium	noun	0	neutral	GOLD
coniurati	noun	-0.5	negative	GOLD
coniuratio	noun	-0.5	negative	GOLD
consceleratus	adj	-1	negative	GOLD
conscientia	noun	0	neutral	GOLD
conscius	adj	-0.5	negative	GOLD
consentaneus	adj	0.5	positive	GOLD
consiliarius	noun	0	neutral	GOLD
consolatio	noun	1	positive	GOLD
consortium	noun	0	neutral	GOLD
conspectus	adj	0	neutral	GOLD
constans	adj	0.5	positive	GOLD
constantia	noun	0.5	positive	GOLD
constitutum	noun	0	neutral	GOLD
consummatus	adj	1	positive	GOLD
contemptio	noun	-1	negative	GOLD
contemptus	adj	-1	negative	GOLD
contemptus	noun	-1	negative	GOLD
continentia	noun	0.5	positive	GOLD
contrarium	noun	0	neutral	GOLD
contumelia	noun	-1	negative	GOLD
conuentio	noun	0	neutral	GOLD
conuentum	noun	0	neutral	GOLD
conuersatio	noun	0	neutral	GOLD
conuicium	noun	-1	negative	GOLD
conuictus	noun	0	neutral	GOLD
copiosus	adj	1	positive	GOLD
corrector	noun	0	neutral	GOLD
corruptela	noun	-1	negative	GOLD
corruptor	noun	-1	negative	GOLD
crastinum	noun	0	neutral	GOLD
creatrix	noun	0	neutral	GOLD
credibilis	adj	0.5	positive	GOLD
creditor	noun	0	neutral	GOLD
creditum	noun	0	neutral	GOLD
credulitas	noun	-1	negative	GOLD
credulus	adj	-0.5	negative	GOLD
criminatio	noun	-1	negative	GOLD
criminosus	adj	-1	negative	GOLD
cruciatus	noun	-1	negative	GOLD
crudelis	adj	-1	negative	GOLD
crudelitas	noun	-1	negative	GOLD
cruditas	noun	-1	negative	GOLD
culina	noun	0	neutral	GOLD
cupedo	noun	-0.5	negative	GOLD
cupiditas	noun	-0.5	negative	GOLD
curator	noun	0	neutral	GOLD
damnatio	noun	-1	negative	GOLD
damnum	noun	-1	negative	GOLD
datum	noun	0	neutral	GOLD
debitor	noun	0	neutral	GOLD
debitum	noun	0	neutral	GOLD
decoctor	noun	-1	negative	GOLD
deditus	adj	0	neutral	GOLD
defector	noun	-1	negative	GOLD
defectus	adj	-1	negative	GOLD
deformis	adj	-1	negative	GOLD
defunctus	adj	-0.5	negative	GOLD
degener	adj	-1	negative	GOLD
delenimentum	noun	0.5	positive	GOLD
delicia	noun	0.5	positive	GOLD
delphicus	adj	0	neutral	GOLD
dementia	noun	-1	negative	GOLD
depositum	noun	0	neutral	GOLD
deprecatio	noun	-0.5	negative	GOLD
desidiosus	adj	-1	negative	GOLD
desperatio	noun	-1	negative	GOLD
deterior	adj	-1	negative	GOLD
detestabilis	adj	-1	negative	GOLD
detrimentum	noun	-0.5	negative	GOLD
dignatio	noun	0.5	positive	GOLD
diligens	adj	1	positive	GOLD
dimicatio	noun	-1	negative	GOLD
diploma	noun	0	neutral	GOLD
dirus	adj	-1	negative	GOLD
disertus	adj	1	positive	GOLD
dissimulatio	noun	-0.5	negative	GOLD
diutinus	adj	0	neutral	GOLD
diuturnus	adj	0.5	positive	GOLD
domesticus	noun	0	neutral	GOLD
donatio	noun	0	neutral	GOLD
donum	noun	0	neutral	GOLD
dotatus	adj	1	positive	GOLD
dubium	noun	-0.5	negative	GOLD
ebrietas	noun	-0.5	negative	GOLD
ebriosus	adj	-0.5	negative	GOLD
effeminatus	adj	-1	negative	GOLD
efferus	adj	-1	negative	GOLD
efficiens	adj	0.5	positive	GOLD
effrenatus	adj	-1	negative	GOLD
effugium	noun	0	neutral	GOLD
egens	adj	-0.5	negative	GOLD
egestas	noun	-1	negative	GOLD
electio	noun	0	neutral	GOLD
elegans	adj	1	positive	GOLD
elegantia	noun	1	positive	GOLD
elinguis	adj	-0.5	negative	GOLD
elysius	adj	0	neutral	GOLD
emendatus	adj	1	positive	GOLD
emolumentum	noun	0.5	positive	GOLD
emptor	noun	0	neutral	GOLD
equestria	noun	0	neutral	GOLD
erectus	adj	0.5	positive	GOLD
erratum	noun	-1	negative	GOLD
error	noun	-1	negative	GOLD
eruditus	adj	1	positive	GOLD
erycinus	adj	0	neutral	GOLD
euersio	noun	-1	negative	GOLD
exactor	noun	0	neutral	GOLD
exactus	adj	1	positive	GOLD
excellens	adj	1	positive	GOLD
exceptio	noun	0	neutral	GOLD
excessus	noun	-0.5	negative	GOLD
exitiabilis	adj	-1	negative	GOLD
exitium	noun	-1	negative	GOLD
exorabilis	adj	-0.5	negative	GOLD
expensum	noun	0	neutral	GOLD
exprobratio	noun	-1	negative	GOLD
exsilium	noun	-1	negative	GOLD
exspectatio	noun	0	neutral	GOLD
exstinctor	noun	-0.5	negative	GOLD
exsultatio	noun	0.5	positive	GOLD
externum	noun	0	neutral	GOLD
facetiae	noun	1	positive	GOLD
fallacia	noun	-1	negative	GOLD
fallax	adj	-1	negative	GOLD
fames	noun	-0.5	negative	GOLD
familiaris	adj	0.5	positive	GOLD
familiaritas	noun	0.5	positive	GOLD
fastidiosus	adj	-1	negative	GOLD
fatuus	adj	-1	negative	GOLD
fauor	noun	1	positive	GOLD
fecunditas	noun	1	positive	GOLD
fenerator	noun	-0.5	negative	GOLD
ferus	adj	-1	negative	GOLD
fidelis	adj	1	positive	GOLD
fidus	adj	1	positive	GOLD
firmamentum	noun	0	neutral	GOLD
firmitas	noun	1	positive	GOLD
firmus	adj	1	positive	GOLD
flagitiosus	adj	-1	negative	GOLD
flebilis	adj	-1	negative	GOLD
florens	adj	1	positive	GOLD
flos	noun	0.5	positive	GOLD
formido	noun	-1	negative	GOLD
formidolosus	adj	-1	negative	GOLD
formula	noun	0	neutral	GOLD
fortuita	noun	0	neutral	GOLD
fraudatio	noun	-1	negative	GOLD
fraus	noun	-1	negative	GOLD
fretus	adj	0.5	positive	GOLD
fructuosus	adj	1	positive	GOLD
fructus	noun	0.5	positive	GOLD
frugalis	adj	0.5	positive	GOLD
frugalitas	noun	0.5	positive	GOLD
funestus	adj	-1	negative	GOLD
fungus	noun	0	neutral	GOLD
funus	noun	-0.5	negative	GOLD
fur	noun	-1	negative	GOLD
furcifer	noun	-1	negative	GOLD
furiosus	adj	-1	negative	GOLD
futurum	noun	0	neutral	GOLD
gemitus	noun	-0.5	negative	GOLD
generosus	adj	1	positive	GOLD
geometres	noun	0	neutral	GOLD
grassator	noun	-1	negative	GOLD
gratiosus	adj	1	positive	GOLD
gratulatio	noun	1	positive	GOLD
hellespontiacus	adj	0	neutral	GOLD
hendecasyllabus	noun	0	neutral	GOLD
heracliensis	adj	0	neutral	GOLD
herculeus	adj	0	neutral	GOLD
hilaris	adj	1	positive	GOLD
hilarus	adj	1	positive	GOLD
homuncio	noun	-0.5	negative	GOLD
honestum	noun	1	positive	GOLD
honorificus	adj	1	positive	GOLD
hospitium	noun	0	neutral	GOLD
iactura	noun	-0.5	negative	GOLD
ignarus	adj	-1	negative	GOLD
ignauia	noun	-1	negative	GOLD
ignauus	adj	-1	negative	GOLD
ignauus	noun	-1	negative	GOLD
ignominiosus	adj	-1	negative	GOLD
illepidus	adj	-1	negative	GOLD
illicitus	adj	-1	negative	GOLD
imbecillitas	noun	-1	negative	GOLD
imitatio	noun	-0.5	negative	GOLD
immaturus	adj	-1	negative	GOLD
immemor	adj	-1	negative	GOLD
immerens	adj	1	positive	GOLD
immitis	adj	-1	negative	GOLD
immodicus	adj	-1	negative	GOLD
impatiens	adj	-0.5	negative	GOLD
imperturbatus	adj	1	positive	GOLD
implacabilis	adj	-1	negative	GOLD
importunitas	noun	-1	negative	GOLD
importunus	adj	-1	negative	GOLD
impotens	adj	-1	negative	GOLD
impotentia	noun	-1	negative	GOLD
improuisus	adj	-0.5	negative	GOLD
imprudens	adj	-0.5	negative	GOLD
imprudentia	noun	-0.5	negative	GOLD
impudens	adj	-1	negative	GOLD
impudentia	noun	-1	negative	GOLD
impudicus	adj	-1	negative	GOLD
impulsus	noun	0	neutral	GOLD
impunitas	noun	-0.5	negative	GOLD
impunitus	adj	-1	negative	GOLD
inauditus	adj	0	neutral	GOLD
inausus	adj	0	neutral	GOLD
incautus	adj	-1	negative	GOLD
incommodum	noun	-1	negative	GOLD
inconcussus	adj	0.5	positive	GOLD
inconsultus	adj	-0.5	negative	GOLD
incorruptus	adj	1	positive	GOLD
index	noun	-0.5	negative	GOLD
indifferens	adj	0	neutral	GOLD
indigens	adj	-1	negative	GOLD
indignatio	noun	-1	negative	GOLD
indoles	noun	0	neutral	GOLD
indulgens	adj	1	positive	GOLD
indulgentia	noun	0.5	positive	GOLD
industrius	adj	1	positive	GOLD
ineptus	adj	-1	negative	GOLD
ineuitabilis	adj	0	neutral	GOLD
inexorabilis	adj	-0.5	negative	GOLD
inexpertus	adj	-0.5	negative	GOLD
inexpiabilis	adj	-1	negative	GOLD
inexplicabilis	adj	-1	negative	GOLD
infacetus	adj	-1	negative	GOLD
infamia	noun	-1	negative	GOLD
infensus	adj	-1	negative	GOLD
inferi	noun	0	neutral	GOLD
infestus	adj	-1	negative	GOLD
infidelis	adj	-1	negative	GOLD
infidus	adj	-1	negative	GOLD
infitias	noun	-1	negative	GOLD
inflatus	adj	-0.5	negative	GOLD
ingeniosus	adj	1	positive	GOLD
inimicitia	noun	-1	negative	GOLD
inimicus	adj	-1	negative	GOLD
iniquus	noun	-1	negative	GOLD
iniuriosus	adj	-1	negative	GOLD
innocentia	noun	0.5	positive	GOLD
inquies	adj	-1	negative	GOLD
inquinatus	adj	-1	negative	GOLD
insanabilis	adj	-1	negative	GOLD
insania	noun	-1	negative	GOLD
insatiabilis	adj	0	neutral	GOLD
inscius	adj	-1	negative	GOLD
insepultus	adj	-0.5	negative	GOLD
insidiosus	adj	-1	negative	GOLD
insolentia	noun	-1	negative	GOLD
insolitus	adj	-0.5	negative	GOLD
insons	adj	1	positive	GOLD
instans	adj	-0.5	negative	GOLD
intempestiuus	adj	-1	negative	GOLD
intestabilis	adj	-1	negative	GOLD
intolerabilis	adj	-0.5	negative	GOLD
intolerandus	adj	-1	negative	GOLD
intolerans	adj	-1	negative	GOLD
intrepidus	adj	1	positive	GOLD
inuidia	noun	-1	negative	GOLD
inuidiosus	adj	-1	negative	GOLD
inuidus	adj	-1	negative	GOLD
inuidus	noun	-1	negative	GOLD
inuisus	adj	-0.5	negative	GOLD
inultus	adj	-0.5	negative	GOLD
iocus	noun	-0.5	negative	GOLD
iracundia	noun	-1	negative	GOLD
iracundus	adj	-1	negative	GOLD
irrationalis	adj	-0.5	negative	GOLD
irrisus	noun	-1	negative	GOLD
irritum	noun	-1	negative	GOLD
irritus	adj	-0.5	negative	GOLD
iudicatum	noun	0	neutral	GOLD
iunctus	adj	0	neutral	GOLD
iurgium	noun	-1	negative	GOLD
iustum	noun	1	positive	GOLD
laceratio	noun	-0.5	negative	GOLD
lamenta	noun	-1	negative	GOLD
languor	noun	-1	negative	GOLD
latebra	noun	-0.5	negative	GOLD
lator	noun	0	neutral	GOLD
laudabilis	adj	1	positive	GOLD
laus	noun	1	positive	GOLD
lautus	adj	1	positive	GOLD
lector	noun	0	neutral	GOLD
lenitas	noun	1	positive	GOLD
lenocinium	noun	-1	negative	GOLD
lepos	noun	1	positive	GOLD
leuamen	noun	1	positive	GOLD
leuamentum	noun	0.5	positive	GOLD
libellus	noun	0	neutral	GOLD
libens	adj	1	positive	GOLD
liberalis	adj	1	positive	GOLD
liberalitas	noun	1	positive	GOLD
libidinosus	adj	-1	negative	GOLD
licentia	noun	-0.5	negative	GOLD
lis	noun	-0.5	negative	GOLD
litigator	noun	0	neutral	GOLD
litigiosus	adj	-1	negative	GOLD
litteratus	adj	0.5	positive	GOLD
locuples	adj	1	positive	GOLD
longum	noun	0	neutral	GOLD
luctuosus	adj	-1	negative	GOLD
ludibrium	noun	-1	negative	GOLD
lues	noun	-1	negative	GOLD
lupus	noun	0	neutral	GOLD
lusor	noun	-0.5	negative	GOLD
luxuria	noun	-0.5	negative	GOLD
maestus	adj	-1	negative	GOLD
maledictum	noun	-1	negative	GOLD
maledicus	adj	-1	negative	GOLD
malefactum	noun	-1	negative	GOLD
maleuolus	adj	-1	negative	GOLD
malignitas	noun	-1	negative	GOLD
malignus	adj	-1	negative	GOLD
malitiosus	adj	-1	negative	GOLD
mancipium	noun	0	neutral	GOLD
manifestus	adj	-0.5	negative	GOLD
mansuetus	adj	0.5	positive	GOLD
margarita	noun	0	neutral	GOLD
memor	adj	0.5	positive	GOLD
mendacium	noun	-1	negative	GOLD
mendax	adj	-1	negative	GOLD
mendicus	adj	-1	negative	GOLD
mercatura	noun	0	neutral	GOLD
merens	adj	1	positive	GOLD
metuens	adj	-1	negative	GOLD
meum	noun	0	neutral	GOLD
mimicus	adj	-0.5	negative	GOLD
minae	noun	-0.5	negative	GOLD
minister	noun	0	neutral	GOLD
mirator	noun	0	neutral	GOLD
miserabilis	adj	-1	negative	GOLD
miserandus	adj	-1	negative	GOLD
misericordia	noun	1	positive	GOLD
misericors	adj	1	positive	GOLD
mitis	adj	1	positive	GOLD
moderatio	noun	0.5	positive	GOLD
moderatus	adj	1	positive	GOLD
modestus	adj	1	positive	GOLD
molestus	adj	-1	negative	GOLD
molliculus	adj	0.5	positive	GOLD
monitio	noun	0	neutral	GOLD
monitor	noun	0	neutral	GOLD
monitum	noun	0	neutral	GOLD
monitus	noun	0	neutral	GOLD
morbus	noun	-1	negative	GOLD
morosus	adj	-1	negative	GOLD
mortalia	noun	0	neutral	GOLD
muliercula	noun	-0.5	negative	GOLD
municeps	noun	0	neutral	GOLD
municipalis	adj	0	neutral	GOLD
munificentia	noun	1	positive	GOLD
munificus	adj	1	positive	GOLD
munus	noun	0.5	positive	GOLD
munusculum	noun	0	neutral	GOLD
mutuum	noun	0	neutral	GOLD
mutuus	adj	0	neutral	GOLD
natales	noun	0	neutral	GOLD
natus	adj	0	neutral	GOLD
nebulo	noun	-1	negative	GOLD
necessarius	noun	0	neutral	GOLD
nefandus	adj	-1	negative	GOLD
negligens	adj	-1	negative	GOLD
nex	noun	-1	negative	GOLD
nimium	noun	0	neutral	GOLD
nitens	adj	0.5	positive	GOLD
nocens	adj	-1	negative	GOLD
nugae	noun	-1	negative	GOLD
numus	noun	0	neutral	GOLD
obiurgatio	noun	-1	negative	GOLD
obligatus	adj	0	neutral	GOLD
obliuio	noun	-0.5	negative	GOLD
obnoxius	adj	-0.5	negative	GOLD
obscenus	adj	-1	negative	GOLD
obtrectator	noun	-1	negative	GOLD
occursus	noun	-0.5	negative	GOLD
odium	noun	-1	negative	GOLD
offensio	noun	-1	negative	GOLD
offensus	adj	-1	negative	GOLD
officiosus	adj	1	positive	GOLD
onerosus	adj	-0.5	negative	GOLD
opertum	noun	0	neutral	GOLD
ops	noun	0	neutral	GOLD
optabilis	adj	1	positive	GOLD
optatus	adj	1	positive	GOLD
oratorius	adj	0	neutral	GOLD
ordinatus	adj	1	positive	GOLD
ornatus	adj	0.5	positive	GOLD
ostentum	noun	0	neutral	GOLD
pactum	noun	0	neutral	GOLD
parasitus	noun	-0.5	negative	GOLD
parricida	noun	-1	negative	GOLD
parricidium	noun	-1	negative	GOLD
particeps	adj	0	neutral	GOLD
particeps	noun	0	neutral	GOLD
parum	noun	0	neutral	GOLD
paruum	noun	0	neutral	GOLD
patiens	adj	0.5	positive	GOLD
patrocinium	noun	0.5	positive	GOLD
patrona	noun	0.5	positive	GOLD
pauidus	adj	-1	negative	GOLD
pauor	noun	-1	negative	GOLD
pauper	adj	-1	negative	GOLD
pauperies	noun	-1	negative	GOLD
peccans	noun	-1	negative	GOLD
peccatum	noun	-1	negative	GOLD
peculium	noun	0	neutral	GOLD
pensus	adj	1	positive	GOLD
peracutus	adj	0.5	positive	GOLD
perditus	adj	-1	negative	GOLD
perfectus	adj	1	positive	GOLD
perfidia	noun	-1	negative	GOLD
perfidiosus	adj	-1	negative	GOLD
perfidus	adj	-1	negative	GOLD
pergratus	adj	1	positive	GOLD
periurium	noun	-1	negative	GOLD
periurus	adj	-1	negative	GOLD
perniciosus	adj	-1	negative	GOLD
perpetuitas	noun	0	neutral	GOLD
perseuerantia	noun	0.5	positive	GOLD
perturbatio	noun	-0.5	negative	GOLD
peruigil	adj	0	neutral	GOLD
peruigilium	noun	0	neutral	GOLD
pessulus	noun	0	neutral	GOLD
pestifer	adj	-1	negative	GOLD
pestis	noun	-1	negative	GOLD
philosophus	noun	0	neutral	GOLD
phreneticus	adj	-1	negative	GOLD
pignus	noun	0	neutral	GOLD
placabilis	adj	1	positive	GOLD
podagra	noun	0	neutral	GOLD
poema	noun	0	neutral	GOLD
poena	noun	-1	negative	GOLD
pomum	noun	0	neutral	GOLD
porcius	adj	0	neutral	GOLD
potentia	noun	0.5	positive	GOLD
praeconium	noun	0	neutral	GOLD
praedicatio	noun	0	neutral	GOLD
praeditus	adj	0.5	positive	GOLD
praemium	noun	1	positive	GOLD
praestabilis	adj	1	positive	GOLD
praeteritum	noun	0	neutral	GOLD
prauitas	noun	-1	negative	GOLD
prauus	adj	-1	negative	GOLD
primarius	adj	1	positive	GOLD
priuilegium	noun	0	neutral	GOLD
probabilis	adj	0.5	positive	GOLD
probatus	adj	1	positive	GOLD
probitas	noun	1	positive	GOLD
probrum	noun	-1	negative	GOLD
procax	adj	-1	negative	GOLD
proditio	noun	-0.5	negative	GOLD
proditor	noun	-0.5	negative	GOLD
professor	noun	0	neutral	GOLD
profligatus	adj	-1	negative	GOLD
proiectus	adj	-0.5	negative	GOLD
promissum	noun	0	neutral	GOLD
propensus	adj	0	neutral	GOLD
propositum	noun	0	neutral	GOLD
proprium	noun	0	neutral	GOLD
prospera	noun	1	positive	GOLD
prouidentia	noun	1	positive	GOLD
prouidus	adj	1	positive	GOLD
prouincialis	noun	-0.5	negative	GOLD
prudens	adj	1	positive	GOLD
prudentia	noun	0.5	positive	GOLD
pudendus	adj	-1	negative	GOLD
pudens	adj	0.5	positive	GOLD
quadruplator	noun	-0.5	negative	GOLD
quadruplum	noun	0	neutral	GOLD
querela	noun	-0.5	negative	GOLD
questus	noun	-0.5	negative	GOLD
rabies	noun	-1	negative	GOLD
raptum	noun	-1	negative	GOLD
rationalis	adj	0	neutral	GOLD
rea	noun	-0.5	negative	GOLD
reconciliatio	noun	0.5	positive	GOLD
recordatio	noun	0	neutral	GOLD
reditus	noun	0	neutral	GOLD
regens	noun	0	neutral	GOLD
reparabilis	adj	1	positive	GOLD
repens	adj	0	neutral	GOLD
repentinus	adj	-0.5	negative	GOLD
repulsa	noun	-1	negative	GOLD
respectus	noun	0	neutral	GOLD
reuerens	adj	1	positive	GOLD
reuerentia	noun	1	positive	GOLD
rusticitas	noun	-0.5	negative	GOLD
sacrilegium	noun	-1	negative	GOLD
sacrilegus	adj	-1	negative	GOLD
sacrilegus	noun	-1	negative	GOLD
saluber	adj	1	positive	GOLD
salutatio	noun	0	neutral	GOLD
sanabilis	adj	1	positive	GOLD
sanus	adj	1	positive	GOLD
sapiens	adj	1	positive	GOLD
sapiens	noun	1	positive	GOLD
sapientia	noun	1	positive	GOLD
satias	noun	0.5	positive	GOLD
sator	noun	0	neutral	GOLD
saturitas	noun	0.5	positive	GOLD
scabies	noun	-1	negative	GOLD
scholasticus	noun	0	neutral	GOLD
sciens	adj	0.5	positive	GOLD
scitus	adj	1	positive	GOLD
scripta	noun	0	neutral	GOLD
scrupulus	noun	-0.5	negative	GOLD
secta	noun	0	neutral	GOLD
serium	noun	0	neutral	GOLD
serius	adj	0	neutral	GOLD
sermo	noun	-0.5	negative	GOLD
seruus	adj	-1	negative	GOLD
sestertium	noun	0	neutral	GOLD
simplex	adj	0.5	positive	GOLD
simplicitas	noun	0.5	positive	GOLD
simulatio	noun	-0.5	negative	GOLD
sitis	noun	-0.5	negative	GOLD
socordia	noun	-1	negative	GOLD
solacium	noun	1	positive	GOLD
solamen	noun	1	positive	GOLD
solitarius	adj	0	neutral	GOLD
sollicitudo	noun	-0.5	negative	GOLD
sollicitus	adj	-1	negative	GOLD
sons	adj	-1	negative	GOLD
sordes	noun	-1	negative	GOLD
sordidus	adj	-1	negative	GOLD
spartanus	adj	0	neutral	GOLD
spectaculum	noun	0	neutral	GOLD
spectatus	adj	0.5	positive	GOLD
splendidus	adj	1	positive	GOLD
splendor	noun	1	positive	GOLD
sponsalia	noun	0	neutral	GOLD
sponsio	noun	0	neutral	GOLD
sponsor	noun	0	neutral	GOLD
squalor	noun	-0.5	negative	GOLD
sterilitas	noun	-0.5	negative	GOLD
stimulus	noun	0	neutral	GOLD
stoicus	adj	0	neutral	GOLD
stolidus	adj	-1	negative	GOLD
studiosus	adj	0.5	positive	GOLD
stulti	noun	-1	negative	GOLD
stultitia	noun	-1	negative	GOLD
stultus	adj	-1	negative	GOLD
stupor	noun	-0.5	negative	GOLD
stuprum	noun	-1	negative	GOLD
subdolus	adj	-1	negative	GOLD
successus	noun	0.5	positive	GOLD
suffragator	noun	0	neutral	GOLD
superbia	noun	-1	negative	GOLD
superbus	adj	-1	negative	GOLD
superior	noun	0	neutral	GOLD
superstes	adj	0.5	positive	GOLD
superstitiosus	adj	0	neutral	GOLD
supplex	noun	0	neutral	GOLD
suspectus	adj	-1	negative	GOLD
suspendium	noun	-1	negative	GOLD
suspicio	noun	-0.5	negative	GOLD
suum	noun	0	neutral	GOLD
tactio	noun	0	neutral	GOLD
taedium	noun	-1	negative	GOLD
temerarius	adj	-1	negative	GOLD
temeritas	noun	-0.5	negative	GOLD
terribilis	adj	-0.5	negative	GOLD
terror	noun	-1	negative	GOLD
testatus	adj	0.5	positive	GOLD
teter	adj	-1	negative	GOLD
thermitanus	adj	0	neutral	GOLD
timiditas	noun	-1	negative	GOLD
timidus	adj	-0.5	negative	GOLD
timor	noun	-0.5	negative	GOLD
tolerabilis	adj	0.5	positive	GOLD
tormentum	noun	-0.5	negative	GOLD
torpor	noun	-1	negative	GOLD
tortor	noun	-1	negative	GOLD
translaticius	adj	0	neutral	GOLD
translatio	noun	0	neutral	GOLD
trepidatio	noun	-1	negative	GOLD
trepidus	adj	-1	negative	GOLD
tribulis	adj	-0.5	negative	GOLD
tribunatus	noun	0	neutral	GOLD
tripus	noun	0	neutral	GOLD
tumor	noun	-0.5	negative	GOLD
turpe	noun	-1	negative	GOLD
tyrannis	noun	-0.5	negative	GOLD
uanitas	noun	-1	negative	GOLD
uanum	noun	-1	negative	GOLD
uanus	adj	-0.5	negative	GOLD
uecordia	noun	-1	negative	GOLD
uecors	adj	-1	negative	GOLD
uegetus	adj	1	positive	GOLD
uenditor	noun	-0.5	negative	GOLD
ueneficium	noun	-0.5	negative	GOLD
ueneficus	noun	-1	negative	GOLD
uenenum	noun	-0.5	negative	GOLD
ueneratio	noun	1	positive	GOLD
uenustas	noun	1	positive	GOLD
uerbosus	adj	-1	negative	GOLD
uerecundus	adj	1	positive	GOLD
ueterator	noun	-0.5	negative	GOLD
uexatio	noun	-1	negative	GOLD
uicarius	noun	0	neutral	GOLD
uilitas	noun	-0.5	negative	GOLD
uitium	noun	-1	negative	GOLD
ulcus	noun	-0.5	negative	GOLD
ultio	noun	-1	negative	GOLD
uolens	adj	0.5	positive	GOLD
uoluntarius	adj	0	neutral	GOLD
uoluptas	noun	1	positive	GOLD
uotum	noun	0	neutral	GOLD
urbanitas	noun	0.5	positive	GOLD
usura	noun	-0.5	negative	GOLD
uulgaris	adj	-0.5	negative	GOLD
uulnus	noun	-1	negative	GOLD
absolutus	adj	1	positive	SILVER
absurditas	noun	-1	negative	SILVER
acceptom	noun	0	neutral	SILVER
acerbitudo	noun	-1	negative	SILVER
acroma	noun	0.5	positive	SILVER
acruama	noun	0.5	positive	SILVER
acumen	noun	-1	negative	SILVER
adcessio	noun	0	neutral	SILVER
adfectiuus	adj	0	neutral	SILVER
adfectus	noun	0	neutral	SILVER
adfinis	adj	0	neutral	SILVER
adfinitas	noun	0	neutral	SILVER
adfirmatio	noun	0	neutral	SILVER
adiutoriom	noun	0	neutral	SILVER
admirabilitas	noun	1	positive	SILVER
admissom	noun	-0.5	negative	SILVER
adsentator	noun	-1	negative	SILVER
adsiduitas	noun	0.5	positive	SILVER
adsiduus	adj	0.5	positive	SILVER
adsuetudo	noun	0	neutral	SILVER
adulteriom	noun	-0.5	negative	SILVER
aecom	noun	0.5	positive	SILVER
aecum	noun	0.5	positive	SILVER
aegritas	noun	-1	negative	SILVER
aegrotatio	noun	-1	negative	SILVER
aegroticius	adj	-1	negative	SILVER
aegrotus	noun	-1	negative	SILVER
aelectio	noun	0	neutral	SILVER
aemulatio	noun	-0.5	negative	SILVER
aequom	noun	0.5	positive	SILVER
aestumatio	noun	0	neutral	SILVER
aeternalis	adj	0.5	positive	SILVER
aeternus	adj	0.5	positive	SILVER
aeuiternus	adj	0.5	positive	SILVER
affectiuus	adj	0	neutral	SILVER
agceps	adj	-0.5	negative	SILVER
agmen	noun	-1	negative	SILVER
alienigena	noun	0	neutral	SILVER
alienom	noun	0	neutral	SILVER
amabilitas	noun	1	positive	SILVER
amans	adj	1	positive	SILVER
amaritas	noun	-1	negative	SILVER
amaritia	noun	-1	negative	SILVER
amarities	noun	-1	negative	SILVER
amceps	adj	-0.5	negative	SILVER
amecus	adj	1	positive	SILVER
ameicitia	noun	1	positive	SILVER
ameicus	adj	1	positive	SILVER
amicities	noun	1	positive	SILVER
amictus	noun	0.5	positive	SILVER
ammirabilis	adj	1	positive	SILVER
ammirabilitas	noun	1	positive	SILVER
ammiratio	noun	0.5	positive	SILVER
ammissom	noun	-0.5	negative	SILVER
ammissum	noun	-0.5	negative	SILVER
ammonitio	noun	-0.5	negative	SILVER
ancilla	noun	0	neutral	SILVER
ancillaris	adj	0	neutral	SILVER
ancsius	adj	-1	negative	SILVER
anicularis	adj	0	neutral	SILVER
anxietas	noun	-1	negative	SILVER
anxietudo	noun	-1	negative	SILVER
anxitudo	noun	-1	negative	SILVER
apstinentia	noun	0.5	positive	SILVER
apsurditas	noun	-1	negative	SILVER
apsurdus	adj	-1	negative	SILVER
arfinis	adj	0	neutral	SILVER
assiduus	adj	0.5	positive	SILVER
atfinitas	noun	0	neutral	SILVER
athleticus	adj	0.5	positive	SILVER
auctoramentom	noun	0	neutral	SILVER
augeriom	noun	0	neutral	SILVER
augurialis	adj	0	neutral	SILVER
augurionalis	adj	0	neutral	SILVER
auspicium	noun	0	neutral	SILVER
auxiliares	noun	0	neutral	SILVER
auxiliaris	adj	0	neutral	SILVER
auxiliarius	adj	0	neutral	SILVER
auxiliom	noun	0	neutral	SILVER
auxilium	noun	0	neutral	SILVER
bardus	adj	-1	negative	SILVER
bellariom	noun	1	positive	SILVER
bellarium	noun	1	positive	SILVER
belliatus	adj	1	positive	SILVER
bellitudo	noun	1	positive	SILVER
belus	adj	1	positive	SILVER
benefactom	noun	1	positive	SILVER
beneuolens	adj	1	positive	SILVER
beneuolenties	noun	1	positive	SILVER
benficiom	noun	-0.5	negative	SILVER
benficium	noun	-0.5	negative	SILVER
benificiom	noun	-0.5	negative	SILVER
benificium	noun	-0.5	negative	SILVER
beniuolens	adj	1	positive	SILVER
beniuolentia	noun	1	positive	SILVER
beniuolus	adj	1	positive	SILVER
blandities	noun	0.5	positive	SILVER
boluntas	noun	0	neutral	SILVER
brutus	adj	-1	negative	SILVER
caculatus	noun	0	neutral	SILVER
cacumen	noun	-1	negative	SILVER
caecilia	noun	-1	negative	SILVER
caecitudo	noun	-1	negative	SILVER
caecus	adj	-1	negative	SILVER
caedis	noun	-0.5	negative	SILVER
caenom	noun	-0.5	negative	SILVER
caenum	noun	-0.5	negative	SILVER
calcar	noun	0	neutral	SILVER
calcarius	adj	0	neutral	SILVER
calceus	noun	0	neutral	SILVER
calcis	noun	0	neutral	SILVER
calculum	noun	0	neutral	SILVER
calicatus	adj	0	neutral	SILVER
calliditas	noun	0.5	positive	SILVER
callidus	adj	1	positive	SILVER
calx	noun	0	neutral	SILVER
canticom	noun	0	neutral	SILVER
canticum	noun	0	neutral	SILVER
cantilena	noun	0	neutral	SILVER
canto	noun	0	neutral	SILVER
capcio	noun	-1	negative	SILVER
carmen	noun	0	neutral	SILVER
castigatio	noun	-1	negative	SILVER
catenarius	adj	0	neutral	SILVER
catenatus	adj	0	neutral	SILVER
cathena	noun	0	neutral	SILVER
catularius	adj	0	neutral	SILVER
catus	adj	1	positive	SILVER
catus	noun	1	positive	SILVER
cautes	noun	0	neutral	SILVER
cautis	noun	0	neutral	SILVER
certator	noun	-0.5	negative	SILVER
certom	noun	0	neutral	SILVER
cicatrix	noun	-0.5	negative	SILVER
cladis	noun	-1	negative	SILVER
claustrarius	noun	0	neutral	SILVER
claustrom	noun	0	neutral	SILVER
claustrum	noun	0	neutral	SILVER
cluens	noun	0	neutral	SILVER
coerator	noun	0	neutral	SILVER
cohercitio	noun	-1	negative	SILVER
colafus	noun	0	neutral	SILVER
colina	noun	0	neutral	SILVER
colloquiom	noun	-0.5	negative	SILVER
colloquium	noun	-0.5	negative	SILVER
commodom	noun	0.5	positive	SILVER
commodum	noun	0.5	positive	SILVER
comoedus	noun	0	neutral	SILVER
compendiarius	adj	0.5	positive	SILVER
compendiom	noun	0.5	positive	SILVER
compendium	noun	0.5	positive	SILVER
concertator	noun	-0.5	negative	SILVER
concinnitas	noun	1	positive	SILVER
concinnitudo	noun	1	positive	SILVER
concio	noun	-0.5	negative	SILVER
concordialis	adj	1	positive	SILVER
concordium	noun	1	positive	SILVER
condimentarius	adj	0.5	positive	SILVER
condimentom	noun	0.5	positive	SILVER
confessom	noun	0	neutral	SILVER
congiariom	noun	0	neutral	SILVER
conleibertus	noun	0	neutral	SILVER
conlibertus	noun	0	neutral	SILVER
conluuio	noun	-1	negative	SILVER
conmemoratio	noun	0	neutral	SILVER
conrector	noun	0	neutral	SILVER
conrumptor	noun	-1	negative	SILVER
conruptela	noun	-1	negative	SILVER
conruptor	noun	-1	negative	SILVER
consanguineus	noun	0	neutral	SILVER
consanguinitas	noun	0	neutral	SILVER
consors	adj	0	neutral	SILVER
consortalis	adj	0	neutral	SILVER
consortiom	noun	0	neutral	SILVER
constitutom	noun	0	neutral	SILVER
contagiom	noun	-1	negative	SILVER
contagium	noun	-1	negative	SILVER
contemtio	noun	-1	negative	SILVER
continuus	adj	0	neutral	SILVER
contio	noun	-0.5	negative	SILVER
contionalis	adj	-0.5	negative	SILVER
contionarius	adj	-0.5	negative	SILVER
contrariom	noun	0	neutral	SILVER
contumia	noun	-1	negative	SILVER
conuentionalis	adj	0	neutral	SILVER
conuentom	noun	0	neutral	SILVER
conuiciom	noun	-1	negative	SILVER
conuitiom	noun	-1	negative	SILVER
conuitium	noun	-1	negative	SILVER
copiositas	noun	1	positive	SILVER
cordatus	adj	1	positive	SILVER
corrumptor	noun	-1	negative	SILVER
cotes	noun	0	neutral	SILVER
crapula	noun	-0.5	negative	SILVER
crapularius	adj	-0.5	negative	SILVER
crassator	noun	-1	negative	SILVER
crastinom	noun	0	neutral	SILVER
creditarius	noun	0	neutral	SILVER
creditom	noun	0	neutral	SILVER
cruciamentom	noun	-1	negative	SILVER
cruciamentum	noun	-0.5	negative	SILVER
crudarius	adj	-1	negative	SILVER
crudiuus	adj	-1	negative	SILVER
crudus	adj	-1	negative	SILVER
culinarius	adj	0	neutral	SILVER
culna	noun	0	neutral	SILVER
cultus	noun	-0.5	negative	SILVER
cupidus	adj	-0.5	negative	SILVER
cuppedenarius	adj	-0.5	negative	SILVER
cuppedo	noun	-0.5	negative	SILVER
cuppes	adj	-0.5	negative	SILVER
cura	noun	-1	negative	SILVER
curatoricius	adj	0	neutral	SILVER
cuspis	noun	-1	negative	SILVER
damnom	noun	-1	negative	SILVER
dampnom	noun	-1	negative	SILVER
dampnum	noun	-1	negative	SILVER
datom	noun	0	neutral	SILVER
debitom	noun	0	neutral	SILVER
defomitatus	adj	-1	negative	SILVER
deformitas	noun	-1	negative	SILVER
delenimentom	noun	0.5	positive	SILVER
delicatus	adj	0.5	positive	SILVER
deliciaris	adj	0.5	positive	SILVER
deliciatus	adj	0.5	positive	SILVER
delictom	noun	-1	negative	SILVER
delinimentom	noun	0.5	positive	SILVER
delinimentum	noun	0.5	positive	SILVER
deliquia	noun	0.5	positive	SILVER
delirium	noun	-1	negative	SILVER
depositarius	noun	0	neutral	SILVER
depositom	noun	0	neutral	SILVER
detestabilitas	noun	-1	negative	SILVER
detractatio	noun	-1	negative	SILVER
detrectatio	noun	-1	negative	SILVER
detrimentom	noun	-0.5	negative	SILVER
dilenimentom	noun	0.5	positive	SILVER
dilenimentum	noun	0.5	positive	SILVER
dingua	noun	-0.5	negative	SILVER
diplomarius	adj	0	neutral	SILVER
diritas	noun	-1	negative	SILVER
disertitudo	noun	1	positive	SILVER
dispar	adj	0.5	positive	SILVER
dissertus	adj	1	positive	SILVER
dissimilatio	noun	-0.5	negative	SILVER
diuturnitas	noun	0.5	positive	SILVER
donarius	adj	0	neutral	SILVER
donom	noun	0	neutral	SILVER
dubiom	noun	-0.5	negative	SILVER
dunom	noun	0	neutral	SILVER
dunum	noun	0	neutral	SILVER
duploma	noun	0	neutral	SILVER
ebriositas	noun	-0.5	negative	SILVER
ecferitas	noun	-1	negative	SILVER
ecferus	adj	-1	negative	SILVER
ecfugiom	noun	0	neutral	SILVER
ecfugium	noun	0	neutral	SILVER
efferitas	noun	-1	negative	SILVER
effugiom	noun	0	neutral	SILVER
eger	adj	-1	negative	SILVER
egregiatus	noun	1	positive	SILVER
eira	noun	-1	negative	SILVER
elementum	noun	0.5	positive	SILVER
eligans	adj	1	positive	SILVER
eligantia	noun	1	positive	SILVER
eminens	adj	1	positive	SILVER
emolimentom	noun	0.5	positive	SILVER
emolimentum	noun	0.5	positive	SILVER
emolumenticius	adj	0.5	positive	SILVER
emolumentom	noun	0.5	positive	SILVER
epistula	noun	0.5	positive	SILVER
erratom	noun	-1	negative	SILVER
eruditio	noun	0.5	positive	SILVER
essuries	noun	-0.5	negative	SILVER
esurialis	adj	-0.5	negative	SILVER
esuries	noun	-0.5	negative	SILVER
eternitas	noun	0.5	positive	SILVER
exferus	adj	-1	negative	SILVER
exfugiom	noun	0	neutral	SILVER
exfugium	noun	0	neutral	SILVER
exiliom	noun	-1	negative	SILVER
exitialis	adj	-1	negative	SILVER
exitiom	noun	-1	negative	SILVER
expectatio	noun	0	neutral	SILVER
expensom	noun	0	neutral	SILVER
exsiliom	noun	-1	negative	SILVER
exsspectatio	noun	0	neutral	SILVER
exsstinctor	noun	-0.5	negative	SILVER
exssultatio	noun	0.5	positive	SILVER
extinctor	noun	-0.5	negative	SILVER
exultatio	noun	0.5	positive	SILVER
facundia	noun	1	positive	SILVER
facunditas	noun	1	positive	SILVER
facundus	adj	1	positive	SILVER
faenerator	noun	-0.5	negative	SILVER
faerus	adj	-1	negative	SILVER
fallacitas	noun	-1	negative	SILVER
fama	noun	1	positive	SILVER
familia	noun	0.5	positive	SILVER
familiaricus	adj	0.5	positive	SILVER
famis	noun	-0.5	negative	SILVER
famul	noun	0	neutral	SILVER
famularis	adj	0	neutral	SILVER
famulitium	noun	0	neutral	SILVER
famulus	noun	0	neutral	SILVER
fastosus	adj	-1	negative	SILVER
fastuosus	adj	-1	negative	SILVER
fastus	adj	-1	negative	SILVER
fastus	noun	-1	negative	SILVER
fatuitas	noun	-1	negative	SILVER
fauorabilis	adj	1	positive	SILVER
fecundus	adj	1	positive	SILVER
ferax	adj	1	positive	SILVER
feritas	noun	-1	negative	SILVER
fertilis	adj	1	positive	SILVER
fiducialis	adj	-1	negative	SILVER
fiduciarius	adj	-1	negative	SILVER
filosophus	noun	0	neutral	SILVER
firmamentom	noun	0	neutral	SILVER
firmitudo	noun	1	positive	SILVER
floralis	adj	0.5	positive	SILVER
floretom	noun	0.5	positive	SILVER
floretum	noun	0.5	positive	SILVER
floreus	adj	0.5	positive	SILVER
formidolositas	noun	-1	negative	SILVER
formidulositas	noun	-1	negative	SILVER
formidulosus	adj	-1	negative	SILVER
formularius	adj	0	neutral	SILVER
freneticus	adj	-1	negative	SILVER
frons	noun	0	neutral	SILVER
fructetom	noun	0.5	positive	SILVER
fructetum	noun	0.5	positive	SILVER
fructuarius	adj	0.5	positive	SILVER
frugamenta	noun	0.5	positive	SILVER
frugeus	adj	0.5	positive	SILVER
frugifer	adj	1	positive	SILVER
frumentaceus	adj	0.5	positive	SILVER
frumentarius	adj	0.5	positive	SILVER
frumentom	noun	0.5	positive	SILVER
frumentum	noun	0.5	positive	SILVER
frus	noun	0	neutral	SILVER
frux	noun	0.5	positive	SILVER
funeralis	adj	-0.5	negative	SILVER
funerarius	adj	-0.5	negative	SILVER
funereus	adj	-0.5	negative	SILVER
geloria	noun	1	positive	SILVER
generositas	noun	1	positive	SILVER
geometra	noun	0	neutral	SILVER
geometricus	adj	0	neutral	SILVER
gloriabilis	adj	1	positive	SILVER
gratiositas	noun	1	positive	SILVER
hilaria	noun	1	positive	SILVER
hilaritudo	noun	1	positive	SILVER
histricus	adj	0	neutral	SILVER
histrio	noun	0	neutral	SILVER
histrionalis	adj	0	neutral	SILVER
histrionicus	adj	0	neutral	SILVER
honestom	noun	1	positive	SILVER
horror	noun	-1	negative	SILVER
hortatio	noun	0	neutral	SILVER
hospes	noun	0	neutral	SILVER
hospis	noun	0	neutral	SILVER
hospitalis	adj	0	neutral	SILVER
hospitiom	noun	0	neutral	SILVER
hulcus	noun	-0.5	negative	SILVER
iacturarius	noun	-0.5	negative	SILVER
illaudabilis	adj	-1	negative	SILVER
illiberalis	adj	-1	negative	SILVER
illiberalitas	noun	-1	negative	SILVER
illiberis	adj	-1	negative	SILVER
illiteratus	adj	-0.5	negative	SILVER
illitteratus	adj	-0.5	negative	SILVER
imbecillus	adj	-1	negative	SILVER
imbellia	noun	-1	negative	SILVER
imbellis	adj	-1	negative	SILVER
imbellus	adj	-1	negative	SILVER
immanifestus	adj	0.5	positive	SILVER
immaturitas	noun	-1	negative	SILVER
immemoria	noun	-1	negative	SILVER
immemoris	adj	-1	negative	SILVER
immiserabilis	adj	1	positive	SILVER
immisericordia	noun	-1	negative	SILVER
immisericors	adj	-1	negative	SILVER
immoderatio	noun	-0.5	negative	SILVER
immodestia	noun	-1	negative	SILVER
immodestus	adj	-1	negative	SILVER
impaenitudo	noun	-1	negative	SILVER
impatientia	noun	-0.5	negative	SILVER
impauidus	adj	1	positive	SILVER
imperitia	noun	-0.5	negative	SILVER
imperitus	adj	-0.5	negative	SILVER
imperpetuus	adj	0	neutral	SILVER
imperturbatio	noun	0.5	positive	SILVER
impietas	noun	-1	negative	SILVER
implacabilitas	noun	-1	negative	SILVER
impoenis	adj	-0.5	negative	SILVER
impoenitudo	noun	-1	negative	SILVER
impoenitus	adj	-1	negative	SILVER
impraestabilis	adj	-1	negative	SILVER
improbabilis	adj	-0.5	negative	SILVER
improuidentia	noun	-1	negative	SILVER
improuidus	adj	-1	negative	SILVER
impudicatus	adj	-1	negative	SILVER
impudicitia	noun	-1	negative	SILVER
impunis	adj	-0.5	negative	SILVER
inamabilis	adj	-1	negative	SILVER
inambitiosus	adj	0.5	positive	SILVER
inbecillitas	noun	-1	negative	SILVER
inbecillus	adj	-1	negative	SILVER
inbellis	adj	-1	negative	SILVER
inbellus	adj	-1	negative	SILVER
inclemens	adj	-1	negative	SILVER
inclementia	noun	-1	negative	SILVER
incommodom	noun	-1	negative	SILVER
inconcinnitas	noun	-1	negative	SILVER
inconcinnus	adj	-1	negative	SILVER
inconscius	adj	0.5	positive	SILVER
inconsentaneus	adj	-0.5	negative	SILVER
incopiosus	adj	-1	negative	SILVER
incorruptela	noun	1	positive	SILVER
incredibilis	adj	-0.5	negative	SILVER
incredibilitas	noun	-0.5	negative	SILVER
incredulitas	noun	0.5	positive	SILVER
incredulus	adj	0.5	positive	SILVER
incultus	noun	-0.5	negative	SILVER
indemnatio	noun	1	positive	SILVER
indemnis	adj	1	positive	SILVER
indemnitas	noun	1	positive	SILVER
indifferentia	noun	0	neutral	SILVER
indisertus	adj	-1	negative	SILVER
indostruus	adj	1	positive	SILVER
industria	noun	0.5	positive	SILVER
inedia	noun	-0.5	negative	SILVER
inelegans	adj	-1	negative	SILVER
inelegantia	noun	-1	negative	SILVER
inemptor	noun	0	neutral	SILVER
ineptia	noun	-1	negative	SILVER
ineptitudo	noun	-1	negative	SILVER
inerratom	noun	1	positive	SILVER
inerratum	noun	1	positive	SILVER
inexitiabilis	adj	1	positive	SILVER
inexorabilitas	noun	-0.5	negative	SILVER
infacundus	adj	-1	negative	SILVER
infamis	adj	-1	negative	SILVER
infauorabilis	adj	-1	negative	SILVER
infecundus	adj	-1	negative	SILVER
inficetiae	noun	-1	negative	SILVER
inficetus	adj	-1	negative	SILVER
infidelitas	noun	-1	negative	SILVER
infirmitas	noun	-1	negative	SILVER
infirmus	adj	-1	negative	SILVER
infistus	adj	-1	negative	SILVER
infortuniom	noun	-1	negative	SILVER
infortunium	noun	-1	negative	SILVER
infructuositas	noun	-1	negative	SILVER
infructuosus	adj	-1	negative	SILVER
ingeniositas	noun	1	positive	SILVER
ingenuosus	adj	1	positive	SILVER
inhonorificus	adj	-1	negative	SILVER
inimicalis	adj	-1	negative	SILVER
inlaudabilis	adj	-1	negative	SILVER
inlepidus	adj	-1	negative	SILVER
inliberalis	adj	-1	negative	SILVER
inlicitus	adj	-1	negative	SILVER
inmanifestus	adj	0.5	positive	SILVER
inmaturitas	noun	-1	negative	SILVER
inmaturus	adj	-1	negative	SILVER
inmemor	adj	-1	negative	SILVER
inmemoria	noun	-1	negative	SILVER
inmemoris	adj	-1	negative	SILVER
inmerens	adj	1	positive	SILVER
inmiserabilis	adj	1	positive	SILVER
inmisericors	adj	-1	negative	SILVER
inmitis	adj	-1	negative	SILVER
inmoderatio	noun	-0.5	negative	SILVER
inmodestus	adj	-1	negative	SILVER
inmodicus	adj	-1	negative	SILVER
inofficiosus	adj	-1	negative	SILVER
inopia	noun	-1	negative	SILVER
inops	adj	-1	negative	SILVER
inoptabilis	adj	-1	negative	SILVER
inpatiens	adj	-0.5	negative	SILVER
inpatientia	noun	-0.5	negative	SILVER
inpauidus	adj	1	positive	SILVER
inperitus	adj	-0.5	negative	SILVER
inperturbatio	noun	0.5	positive	SILVER
inperturbatus	adj	1	positive	SILVER
inplacabilis	adj	-1	negative	SILVER
inplacabilitas	noun	-1	negative	SILVER
inpoenitus	adj	-1	negative	SILVER
inportunitas	noun	-1	negative	SILVER
inportunus	adj	-1	negative	SILVER
inpotens	adj	-1	negative	SILVER
inpotentia	noun	-1	negative	SILVER
inpraestabilis	adj	-1	negative	SILVER
inprobabilis	adj	-0.5	negative	SILVER
inprouidentia	noun	-1	negative	SILVER
inprouidus	adj	-1	negative	SILVER
inprouisus	adj	-0.5	negative	SILVER
inprudens	adj	-0.5	negative	SILVER
inprudentia	noun	-0.5	negative	SILVER
inpudens	adj	-1	negative	SILVER
inpudentia	noun	-1	negative	SILVER
inpudicatus	adj	-1	negative	SILVER
inpudicitia	noun	-1	negative	SILVER
inpudicus	adj	-1	negative	SILVER
inpulsus	noun	0	neutral	SILVER
inpunitas	noun	-0.5	negative	SILVER
inpunitus	adj	-1	negative	SILVER
inrationalis	adj	-0.5	negative	SILVER
inreparabilis	adj	-1	negative	SILVER
inrisus	noun	-1	negative	SILVER
inritom	noun	-1	negative	SILVER
inritum	noun	-1	negative	SILVER
inritus	adj	-0.5	negative	SILVER
insaluber	adj	-1	negative	SILVER
insalubris	adj	-1	negative	SILVER
insanitas	noun	-1	negative	SILVER
insatiabilitas	noun	0	neutral	SILVER
insolens	adj	-1	negative	SILVER
instius	adj	-1	negative	SILVER
instudiosus	adj	-0.5	negative	SILVER
intempestiuitas	noun	-1	negative	SILVER
interribilis	adj	0.5	positive	SILVER
intimidus	adj	0.5	positive	SILVER
intolerabilitas	noun	-0.5	negative	SILVER
intolerantia	noun	-1	negative	SILVER
inuerecundia	noun	-1	negative	SILVER
inuerecundus	adj	-1	negative	SILVER
inuoluntas	noun	0	neutral	SILVER
iocalis	adj	-0.5	negative	SILVER
iocista	noun	-0.5	negative	SILVER
irratio	noun	0	neutral	SILVER
irreparabilis	adj	-1	negative	SILVER
irritom	noun	-1	negative	SILVER
iudicatom	noun	0	neutral	SILVER
iurgiom	noun	-1	negative	SILVER
iustom	noun	1	positive	SILVER
kadamitas	noun	-1	negative	SILVER
kalumnia	noun	-1	negative	SILVER
labes	noun	-1	negative	SILVER
laeuamentom	noun	0.5	positive	SILVER
laeuamentum	noun	0.5	positive	SILVER
lapidaris	adj	0	neutral	SILVER
lapidarius	adj	0	neutral	SILVER
lapideus	adj	0	neutral	SILVER
lapis	noun	0	neutral	SILVER
largitio	noun	0	neutral	SILVER
laudabilitas	noun	1	positive	SILVER
legumen	noun	0.5	positive	SILVER
leguminarius	adj	0.5	positive	SILVER
leibereis	noun	1	positive	SILVER
leis	noun	-0.5	negative	SILVER
leitera	noun	0.5	positive	SILVER
lenis	adj	1	positive	SILVER
lenitudo	noun	1	positive	SILVER
lenociniom	noun	-1	negative	SILVER
lentitudo	noun	1	positive	SILVER
lepor	noun	1	positive	SILVER
letalis	adj	-1	negative	SILVER
lethom	noun	-1	negative	SILVER
leuamentarius	adj	0.5	positive	SILVER
leuamentom	noun	0.5	positive	SILVER
libellaris	adj	0	neutral	SILVER
libellarius	adj	0	neutral	SILVER
libellatici	noun	0	neutral	SILVER
libellatus	adj	0	neutral	SILVER
liberi	noun	1	positive	SILVER
licentiatus	noun	-0.5	negative	SILVER
ligumen	noun	0.5	positive	SILVER
limus	noun	-0.5	negative	SILVER
lingua	noun	-0.5	negative	SILVER
linguarium	noun	-0.5	negative	SILVER
linguatus	adj	-0.5	negative	SILVER
linguax	adj	-0.5	negative	SILVER
litteralis	adj	0.5	positive	SILVER
litterarius	adj	0.5	positive	SILVER
lubidinosus	adj	-1	negative	SILVER
lucrum	noun	0.5	positive	SILVER
ludiarius	adj	0	neutral	SILVER
ludibriom	noun	-1	negative	SILVER
ludio	noun	0	neutral	SILVER
ludius	noun	0	neutral	SILVER
luparius	noun	0	neutral	SILVER
lupatus	adj	0	neutral	SILVER
lutum	noun	-0.5	negative	SILVER
luxoria	noun	-0.5	negative	SILVER
luxus	noun	-0.5	negative	SILVER
lymphatus	noun	-1	negative	SILVER
maestitudo	noun	-1	negative	SILVER
maldictom	noun	-1	negative	SILVER
maldictum	noun	-1	negative	SILVER
maledictom	noun	-1	negative	SILVER
malefactom	noun	-1	negative	SILVER
maletum	noun	-1	negative	SILVER
malitiositas	noun	-1	negative	SILVER
maliuolus	adj	-1	negative	SILVER
malus	noun	-1	negative	SILVER
manceps	noun	0	neutral	SILVER
mancipalis	adj	0	neutral	SILVER
manciparius	noun	0	neutral	SILVER
mancipiom	noun	0	neutral	SILVER
mancupiom	noun	0	neutral	SILVER
mancupium	noun	0	neutral	SILVER
manifestarius	adj	-0.5	negative	SILVER
mansues	adj	1	positive	SILVER
mansuetudo	noun	1	positive	SILVER
manufestarius	adj	-0.5	negative	SILVER
manufestus	adj	-0.5	negative	SILVER
margaritarius	adj	0	neutral	SILVER
margaritatus	adj	0	neutral	SILVER
memor	noun	1	positive	SILVER
memoria	noun	1	positive	SILVER
mendaciom	noun	-1	negative	SILVER
mendacitas	noun	-1	negative	SILVER
mendicitas	noun	-1	negative	SILVER
mendom	noun	-1	negative	SILVER
mendum	noun	-1	negative	SILVER
meom	noun	0	neutral	SILVER
mercedarius	noun	1	positive	SILVER
mercennarius	adj	1	positive	SILVER
merces	noun	1	positive	SILVER
mercis	noun	1	positive	SILVER
mestitia	noun	-1	negative	SILVER
mimarius	adj	-0.5	negative	SILVER
mimus	noun	-0.5	negative	SILVER
ministeriales	noun	0	neutral	SILVER
ministeriani	noun	0	neutral	SILVER
ministeriom	noun	0	neutral	SILVER
ministerium	noun	0	neutral	SILVER
modestia	noun	0.5	positive	SILVER
modus	noun	0.5	positive	SILVER
moenicipiom	noun	0	neutral	SILVER
moenus	noun	0.5	positive	SILVER
moestitia	noun	-1	negative	SILVER
moestus	adj	-1	negative	SILVER
molestia	noun	-1	negative	SILVER
moneta	noun	0	neutral	SILVER
morbidus	adj	-1	negative	SILVER
morositas	noun	-1	negative	SILVER
mucro	noun	-1	negative	SILVER
muliercularius	noun	-0.5	negative	SILVER
muneralis	adj	0.5	positive	SILVER
munerarius	adj	0.5	positive	SILVER
municipatus	noun	0	neutral	SILVER
municipes	noun	0	neutral	SILVER
municipium	noun	0	neutral	SILVER
munificens	adj	1	positive	SILVER
munusculom	noun	0	neutral	SILVER
mutuarius	adj	0	neutral	SILVER
mutuom	noun	0	neutral	SILVER
naturalis	noun	0	neutral	SILVER
neclegentia	noun	-0.5	negative	SILVER
nescius	adj	-0.5	negative	SILVER
nimiom	noun	0	neutral	SILVER
nitor	noun	1	positive	SILVER
nixus	noun	1	positive	SILVER
noxius	adj	0.5	positive	SILVER
nugalia	noun	-1	negative	SILVER
nugalis	adj	-1	negative	SILVER
nummarius	adj	0	neutral	SILVER
nummatus	adj	0	neutral	SILVER
nummus	noun	0	neutral	SILVER
obex	noun	0	neutral	SILVER
obitus	noun	-1	negative	SILVER
obliuialis	adj	-0.5	negative	SILVER
obnoxietas	noun	-0.5	negative	SILVER
obscaenus	adj	-1	negative	SILVER
obscenitas	noun	-1	negative	SILVER
obscoenus	adj	-1	negative	SILVER
obtrectatio	noun	-1	negative	SILVER
odeom	noun	-1	negative	SILVER
odeum	noun	-1	negative	SILVER
odiom	noun	-1	negative	SILVER
officialis	adj	0.5	positive	SILVER
officiom	noun	0.5	positive	SILVER
officiositas	noun	1	positive	SILVER
officium	noun	0.5	positive	SILVER
onerositas	noun	-0.5	negative	SILVER
opertom	noun	0	neutral	SILVER
opscaenus	adj	-1	negative	SILVER
opscenus	adj	-1	negative	SILVER
optrectator	noun	-1	negative	SILVER
oratio	noun	-0.5	negative	SILVER
ostentarius	adj	0	neutral	SILVER
ostentom	noun	0	neutral	SILVER
otiom	noun	1	positive	SILVER
pacalis	adj	1	positive	SILVER
pactom	noun	0	neutral	SILVER
paedor	noun	-0.5	negative	SILVER
paricida	noun	-1	negative	SILVER
paricidalis	adj	-1	negative	SILVER
paricidas	noun	-1	negative	SILVER
paricidiom	noun	-1	negative	SILVER
paricidium	noun	-1	negative	SILVER
parilis	adj	0.5	positive	SILVER
parom	noun	0	neutral	SILVER
parricidalis	adj	-1	negative	SILVER
parricidas	noun	-1	negative	SILVER
parricidatus	noun	-1	negative	SILVER
parricidiom	noun	-1	negative	SILVER
participalis	adj	0	neutral	SILVER
participialis	adj	0	neutral	SILVER
participiom	noun	0	neutral	SILVER
participium	noun	0	neutral	SILVER
patrocinalis	adj	0.5	positive	SILVER
patrociniom	noun	0.5	positive	SILVER
pauos	noun	-1	negative	SILVER
pauperiom	noun	-1	negative	SILVER
pauperium	noun	-1	negative	SILVER
paupertas	noun	-1	negative	SILVER
peccatom	noun	-1	negative	SILVER
pecu	noun	0	neutral	SILVER
peculiaris	adj	0	neutral	SILVER
peculiarius	adj	0	neutral	SILVER
peculiom	noun	0	neutral	SILVER
pecunia	noun	0	neutral	SILVER
peiiuriom	noun	-1	negative	SILVER
peiiurium	noun	-1	negative	SILVER
peiiurus	adj	-1	negative	SILVER
peiuriom	noun	-1	negative	SILVER
peiurium	noun	-1	negative	SILVER
peiurus	adj	-1	negative	SILVER
periuriom	noun	-1	negative	SILVER
perniciabilis	adj	-1	negative	SILVER
pernicialis	adj	-1	negative	SILVER
perpetuarius	adj	0	neutral	SILVER
perpetuus	adj	0	neutral	SILVER
peruigiliom	noun	0	neutral	SILVER
peruigilis	adj	0	neutral	SILVER
pesestas	noun	-1	negative	SILVER
pestibilis	adj	-1	negative	SILVER
pestilentia	noun	-1	negative	SILVER
pestilis	adj	-1	negative	SILVER
pestilitas	noun	-1	negative	SILVER
philosophicus	adj	0	neutral	SILVER
phreniticus	adj	-1	negative	SILVER
pigritia	noun	-1	negative	SILVER
placabilitas	noun	1	positive	SILVER
placidus	adj	1	positive	SILVER
podagricus	adj	0	neutral	SILVER
poenalis	adj	-1	negative	SILVER
poenarius	adj	-1	negative	SILVER
pomarius	adj	0	neutral	SILVER
pometom	noun	0	neutral	SILVER
pometum	noun	0	neutral	SILVER
pomom	noun	0	neutral	SILVER
pompalis	adj	-0.5	negative	SILVER
pompicus	adj	-0.5	negative	SILVER
pomus	noun	0	neutral	SILVER
portentum	noun	0	neutral	SILVER
potentatus	noun	0	neutral	SILVER
potentialis	adj	0.5	positive	SILVER
potestatiuus	adj	0	neutral	SILVER
praeconialis	adj	0	neutral	SILVER
praeconiom	noun	0	neutral	SILVER
praees	noun	0	neutral	SILVER
praemiom	noun	1	positive	SILVER
praes	noun	0	neutral	SILVER
praestantia	noun	1	positive	SILVER
precatio	noun	0.5	positive	SILVER
pretium	noun	1	positive	SILVER
primom	noun	1	positive	SILVER
primum	noun	1	positive	SILVER
priuilegiarius	adj	0	neutral	SILVER
priuilegiom	noun	0	neutral	SILVER
probabilitas	noun	0.5	positive	SILVER
probrom	noun	-1	negative	SILVER
procacia	noun	-1	negative	SILVER
procacitas	noun	-1	negative	SILVER
prodigium	noun	0	neutral	SILVER
proelium	noun	-1	negative	SILVER
promissom	noun	0	neutral	SILVER
propinquus	noun	0	neutral	SILVER
propositom	noun	0	neutral	SILVER
propriom	noun	0	neutral	SILVER
pudicitia	noun	0.5	positive	SILVER
pudicus	adj	0.5	positive	SILVER
pudor	noun	0.5	positive	SILVER
pugna	noun	-1	negative	SILVER
quadriplator	noun	-0.5	negative	SILVER
quadrupulator	noun	-0.5	negative	SILVER
quaestus	noun	0.5	positive	SILVER
quaistus	noun	0.5	positive	SILVER
querimonia	noun	-0.5	negative	SILVER
raptom	noun	-1	negative	SILVER
ratio	noun	0	neutral	SILVER
rationabilis	adj	0	neutral	SILVER
rationalitas	noun	0	neutral	SILVER
rationarius	adj	0	neutral	SILVER
rationatiuus	adj	0	neutral	SILVER
robur	noun	0.5	positive	SILVER
robusteus	adj	1	positive	SILVER
robustus	adj	1	positive	SILVER
rudis	adj	-0.5	negative	SILVER
ruditas	noun	-0.5	negative	SILVER
rupes	noun	0	neutral	SILVER
rupeus	adj	0	neutral	SILVER
rusticanus	adj	-0.5	negative	SILVER
rusticus	adj	-0.5	negative	SILVER
sacrilegiom	noun	-1	negative	SILVER
salubris	adj	1	positive	SILVER
salubritas	noun	1	positive	SILVER
sanates	noun	1	positive	SILVER
sapientialis	adj	1	positive	SILVER
satur	adj	0.5	positive	SILVER
saturus	adj	0.5	positive	SILVER
saxatilis	adj	0	neutral	SILVER
saxetum	noun	0	neutral	SILVER
saxeus	adj	0	neutral	SILVER
saxitas	noun	0	neutral	SILVER
saxom	noun	0	neutral	SILVER
saxsum	noun	0	neutral	SILVER
saxum	noun	0	neutral	SILVER
scabitudo	noun	-1	negative	SILVER
scitus	noun	1	positive	SILVER
scolasticus	noun	0	neutral	SILVER
scopulus	noun	0	neutral	SILVER
scriptulus	noun	-0.5	negative	SILVER
scripularis	adj	-0.5	negative	SILVER
scripulus	noun	-0.5	negative	SILVER
secordia	noun	-1	negative	SILVER
sectarius	adj	0	neutral	SILVER
segnitia	noun	-1	negative	SILVER
sera	noun	0	neutral	SILVER
serietas	noun	0	neutral	SILVER
seriom	noun	0	neutral	SILVER
sermonalis	adj	-0.5	negative	SILVER
seruitialis	adj	-1	negative	SILVER
seruitiom	noun	-1	negative	SILVER
seruitium	noun	-1	negative	SILVER
seruitudo	noun	-1	negative	SILVER
sestertiarius	adj	0	neutral	SILVER
sestertiom	noun	0	neutral	SILVER
simplicitudo	noun	0.5	positive	SILVER
situs	noun	-0.5	negative	SILVER
slis	noun	-0.5	negative	SILVER
societas	noun	1	positive	SILVER
socius	adj	1	positive	SILVER
socors	adj	-1	negative	SILVER
solaciom	noun	1	positive	SILVER
solaminiom	noun	1	positive	SILVER
solaminium	noun	1	positive	SILVER
solatarius	noun	1	positive	SILVER
solatiom	noun	1	positive	SILVER
solatium	noun	1	positive	SILVER
solicitus	adj	-1	negative	SILVER
solitas	noun	0	neutral	SILVER
sonticus	adj	-1	negative	SILVER
sorditia	noun	-1	negative	SILVER
sordities	noun	-1	negative	SILVER
sorditudo	noun	-1	negative	SILVER
sors	noun	-1	negative	SILVER
sortiarius	noun	-1	negative	SILVER
sortis	noun	-1	negative	SILVER
spectaclom	noun	0	neutral	SILVER
spectaclum	noun	0	neutral	SILVER
spectaculom	noun	0	neutral	SILVER
sponsalicius	adj	0	neutral	SILVER
sponsalitius	adj	0	neutral	SILVER
stercus	noun	-0.5	negative	SILVER
sterelitas	noun	-0.5	negative	SILVER
sterilis	adj	-0.5	negative	SILVER
stimuleus	adj	0	neutral	SILVER
stlis	noun	-0.5	negative	SILVER
stoliditas	noun	-1	negative	SILVER
stultities	noun	-1	negative	SILVER
stupidus	adj	-1	negative	SILVER
stuporatus	adj	-0.5	negative	SILVER
stuprom	noun	-1	negative	SILVER
subitus	adj	0	neutral	SILVER
suom	noun	0	neutral	SILVER
superstens	adj	0.5	positive	SILVER
suspendiom	noun	-1	negative	SILVER
suspiriom	noun	-0.5	negative	SILVER
suspirium	noun	-0.5	negative	SILVER
suspitio	noun	-0.5	negative	SILVER
taberna	noun	0	neutral	SILVER
tabernalis	adj	0	neutral	SILVER
tabernarius	adj	0	neutral	SILVER
taediom	noun	-1	negative	SILVER
taeter	adj	-1	negative	SILVER
taetritudo	noun	-1	negative	SILVER
taetrus	adj	-1	negative	SILVER
temulentia	noun	-0.5	negative	SILVER
temulentus	adj	-0.5	negative	SILVER
tetricus	adj	-1	negative	SILVER
timedus	adj	-0.5	negative	SILVER
timoratus	adj	-0.5	negative	SILVER
timos	noun	-0.5	negative	SILVER
tormentom	noun	-0.5	negative	SILVER
torsor	noun	-1	negative	SILVER
trabena	noun	0	neutral	SILVER
traberna	noun	0	neutral	SILVER
tralaticius	adj	0	neutral	SILVER
tralatio	noun	0	neutral	SILVER
translatitius	adj	0	neutral	SILVER
transnslatio	noun	0	neutral	SILVER
traslaticius	adj	0	neutral	SILVER
traslatio	noun	0	neutral	SILVER
trasnslatio	noun	0	neutral	SILVER
trepidiarius	adj	-1	negative	SILVER
tribuarius	adj	-0.5	negative	SILVER
tribunal	noun	0	neutral	SILVER
tribunale	noun	0	neutral	SILVER
tribunarium	noun	0	neutral	SILVER
tribunicius	adj	0	neutral	SILVER
tribunus	noun	-0.5	negative	SILVER
tribus	noun	-0.5	negative	SILVER
tubernium	noun	0	neutral	SILVER
tumos	noun	-0.5	negative	SILVER
uaecordia	noun	-1	negative	SILVER
uaecors	adj	-1	negative	SILVER
uaenus	noun	0	neutral	SILVER
uanities	noun	-0.5	negative	SILVER
uanitudo	noun	-0.5	negative	SILVER
uber	adj	1	positive	SILVER
uenalis	adj	1	positive	SILVER
ueneficiom	noun	-0.5	negative	SILVER
ueneficus	adj	-0.5	negative	SILVER
uenenarius	adj	-0.5	negative	SILVER
uenenom	noun	-0.5	negative	SILVER
uenerarii	noun	1	positive	SILVER
uenerarius	adj	-0.5	negative	SILVER
uenus	noun	1	positive	SILVER
uerbositas	noun	-1	negative	SILVER
uerecundia	noun	1	positive	SILVER
uilis	adj	-0.5	negative	SILVER
uitiariom	noun	-1	negative	SILVER
uitiarium	noun	-1	negative	SILVER
uitiom	noun	-1	negative	SILVER
ulceraria	noun	-0.5	negative	SILVER
uolgaris	adj	-0.5	negative	SILVER
uolgus	noun	-0.5	negative	SILVER
uolnerarius	adj	-1	negative	SILVER
uolnus	noun	-1	negative	SILVER
uoluntas	noun	0	neutral	SILVER
uoluntatiuus	adj	0	neutral	SILVER
uoluptabilis	adj	1	positive	SILVER
uoluptarius	adj	1	positive	SILVER
uoluptatiuus	adj	1	positive	SILVER
uotiuitas	noun	0	neutral	SILVER
uotiuus	adj	0	neutral	SILVER
uotom	noun	0	neutral	SILVER
uotus	noun	0	neutral	SILVER
urbanicius	adj	0.5	positive	SILVER
urbanus	adj	0.5	positive	SILVER
ussura	noun	-0.5	negative	SILVER
ussurarius	adj	-0.5	negative	SILVER
usurarius	adj	-0.5	negative	SILVER
uulgaritas	noun	-0.5	negative	SILVER
uulnerarius	adj	-1	negative	SILVER