lemma	pos	polarity_score 	has_polarity	provenance
alebris	adj	0.5	positive	GOLD
inhonestus	adj	-1	negative	GOLD
abiectus	adj	-1	negative	GOLD
persuasibilis	adj	0.5	positive	GOLD
facinorosus	adj	-1	negative	GOLD
spiritalis	adj	0	neutral	GOLD
iacinthinus	adj	0	neutral	GOLD
squamosus	adj	0	neutral	GOLD
hebes	adj	-0.5	negative	GOLD
immoderatus	adj	-1	negative	GOLD
suppositicius	adj	0	neutral	GOLD
interritus	adj	0.5	positive	GOLD
spirabilis	adj	0	neutral	GOLD
indiligens	adj	-1	negative	GOLD
sospes	adj	1	positive	GOLD
uictoriosus	adj	1	positive	GOLD
necopmus	adj	-0.5	negative	GOLD
praedulcis	adj	1	positive	GOLD
temperans	adj	1	positive	GOLD
nitidus	adj	0.5	positive	GOLD
permitialis	adj	-1	negative	GOLD
insuauis	adj	-1	negative	GOLD
naufragus	adj	-0.5	negative	GOLD
artutus	adj	1	positive	GOLD
mundus	adj	1	positive	GOLD
confusus	adj	-0.5	negative	GOLD
indubius	adj	0.5	positive	GOLD
philologus	adj	0	neutral	GOLD
pompatus	adj	0.5	positive	GOLD
indispositus	adj	-0.5	negative	GOLD
noxalis	adj	-1	negative	GOLD
pote	adj	0	neutral	GOLD
dubitabilis	adj	-0.5	negative	GOLD
ceruicosus	adj	-0.5	negative	GOLD
adrogans	adj	-0.5	negative	GOLD
illegalis	adj	-1	negative	GOLD
uaciuus	adj	0	neutral	GOLD
prouectus	adj	0	neutral	GOLD
squalidus	adj	-1	negative	GOLD
radioactiuus	adj	-1	negative	GOLD
inopinatus	adj	-0.5	negative	GOLD
gemellus	adj	0	neutral	GOLD
unanimis	adj	1	positive	GOLD
dissonus	adj	-1	negative	GOLD
ueternosus	adj	-0.5	negative	GOLD
immedicabilis	adj	-0.5	negative	GOLD
indecoris	adj	-1	negative	GOLD
sanguinans	adj	-1	negative	GOLD
languidulus	adj	-0.5	negative	GOLD
adcuratus	adj	0.5	positive	GOLD
percautus	adj	1	positive	GOLD
pompaticus	adj	0.5	positive	GOLD
uastus	adj	-1	negative	GOLD
canceratus	adj	-1	negative	GOLD
funebris	adj	-0.5	negative	GOLD
onustus	adj	-0.5	negative	GOLD
acosmos	adj	-0.5	negative	GOLD
monstruosus	adj	-1	negative	GOLD
pallidulus	adj	-0.5	negative	GOLD
peraccommodatus	adj	1	positive	GOLD
concupiens	adj	-0.5	negative	GOLD
circumtonsus	adj	0	neutral	GOLD
stridulus	adj	0	neutral	GOLD
saluus	adj	1	positive	GOLD
inclinatus	adj	0	neutral	GOLD
durateus	adj	0	neutral	GOLD
uigens	adj	0.5	positive	GOLD
inscrutabilis	adj	0	neutral	GOLD
petulans	adj	-0.5	negative	GOLD
strenuus	adj	1	positive	GOLD
scelestus	adj	-1	negative	GOLD
crisimus	adj	0	neutral	GOLD
interfusus	adj	0	neutral	GOLD
indeficiens	adj	0	neutral	GOLD
hagios	adj	1	positive	GOLD
ligneolus	adj	0	neutral	GOLD
properatus	adj	0	neutral	GOLD
insomnis	adj	-0.5	negative	GOLD
intractabilis	adj	0	neutral	GOLD
suspiriosus	adj	-0.5	negative	GOLD
praerapidus	adj	1	positive	GOLD
offirmatus	adj	1	positive	GOLD
repositus	adj	0	neutral	GOLD
cooperatiuus	adj	1	positive	GOLD
consonus	adj	1	positive	GOLD
subditicius	adj	-0.5	negative	GOLD
gratuitus	adj	0.5	positive	GOLD
radicalis	adj	0	neutral	GOLD
prophylacticus	adj	0.5	positive	GOLD
misellus	adj	-1	negative	GOLD
exsequialis	adj	-0.5	negative	GOLD
meritus	adj	1	positive	GOLD
sacer	adj	1	positive	GOLD
ebriacus	adj	-0.5	negative	GOLD
specularis	adj	0	neutral	GOLD
brunneus	adj	0	neutral	GOLD
arenosus	adj	0	neutral	GOLD
grossus	adj	-0.5	negative	GOLD
causticus	adj	-0.5	negative	GOLD
peccatorius	adj	-1	negative	GOLD
formidabilis	adj	-1	negative	GOLD
inuoluntarius	adj	0	neutral	GOLD
musteus	adj	0	neutral	GOLD
comis	adj	1	positive	GOLD
jucundus	adj	1	positive	GOLD
luculentus	adj	1	positive	GOLD
genitalis	adj	0	neutral	GOLD
aenus	adj	0	neutral	GOLD
insufficiens	adj	-1	negative	GOLD
effluxus	adj	0	neutral	GOLD
aequiparabilis	adj	0	neutral	GOLD
summorosus	adj	-0.5	negative	GOLD
camurus	adj	0	neutral	GOLD
creper	adj	-1	negative	GOLD
triuialis	adj	0	neutral	GOLD
spurcatus	adj	-0.5	negative	GOLD
conclamatus	adj	0.5	positive	GOLD
exanimalis	adj	-1	negative	GOLD
incongruus	adj	-1	negative	GOLD
aspernabilis	adj	-1	negative	GOLD
trimus	adj	0	neutral	GOLD
superans	adj	0.5	positive	GOLD
chalceus	adj	0	neutral	GOLD
pluuiosus	adj	0	neutral	GOLD
semotus	adj	0	neutral	GOLD
iocularius	adj	0.5	positive	GOLD
singularis	adj	0	neutral	GOLD
columis	adj	0.5	positive	GOLD
cicinus	adj	0	neutral	GOLD
potens	adj	1	positive	GOLD
dejunctus	adj	0	neutral	GOLD
optumus	adj	1	positive	GOLD
hiulcus	adj	-0.5	negative	GOLD
inusitatus	adj	-0.5	negative	GOLD
innoxius	adj	0.5	positive	GOLD
corporatus	adj	0	neutral	GOLD
moratus	adj	0.5	positive	GOLD
ursinus	adj	0	neutral	GOLD
maerens	adj	-1	negative	GOLD
harenosus	adj	0	neutral	GOLD
modificatus	adj	0	neutral	GOLD
consucidus	adj	0	neutral	GOLD
oleosus	adj	0	neutral	GOLD
improbulus	adj	-0.5	negative	GOLD
albidus	adj	-0.5	negative	GOLD
praecipuus	adj	0	neutral	GOLD
obesus	adj	-0.5	negative	GOLD
inexcusabilis	adj	-0.5	negative	GOLD
leuigatus	adj	0	neutral	GOLD
improportionabilis	adj	-0.5	negative	GOLD
inuictus	adj	1	positive	GOLD
uisibilis	adj	0	neutral	GOLD
marmus	adj	0	neutral	GOLD
imperialis	adj	0	neutral	GOLD
cubans	adj	0	neutral	GOLD
ueteranus	adj	0.5	positive	GOLD
sputatilicus	adj	-1	negative	GOLD
permediocris	adj	-0.5	negative	GOLD
inconcessus	adj	0	neutral	GOLD
sophus	adj	1	positive	GOLD
excors	adj	-1	negative	GOLD
faeceus	adj	-1	negative	GOLD
pelagius	adj	0	neutral	GOLD
quartus	adj	0	neutral	GOLD
facinerosus	adj	-1	negative	GOLD
dignus	adj	1	positive	GOLD
electus	adj	0.5	positive	GOLD
inormis	adj	-0.5	negative	GOLD
ingenuus	adj	0.5	positive	GOLD
perturpis	adj	-1	negative	GOLD
capitarius	adj	0	neutral	GOLD
horridus	adj	-1	negative	GOLD
morus	adj	-1	negative	GOLD
flabilis	adj	0	neutral	GOLD
optimisticus	adj	1	positive	GOLD
caligineus	adj	-0.5	negative	GOLD
luridus	adj	-1	negative	GOLD
dulcis	adj	0.5	positive	GOLD
soldus	adj	0.5	positive	GOLD
duplex	adj	0	neutral	GOLD
desiderabilis	adj	0.5	positive	GOLD
conspicuus	adj	1	positive	GOLD
auens	adj	0.5	positive	GOLD
ultumus	adj	0	neutral	GOLD
aspectabilis	adj	0	neutral	GOLD
hyacinthinus	adj	0	neutral	GOLD
campanus	adj	0	neutral	GOLD
spurcidicus	adj	-1	negative	GOLD
indupeditus	adj	-0.5	negative	GOLD
blouius	adj	0	neutral	GOLD
mythicos	adj	0	neutral	GOLD
subinuisus	adj	-0.5	negative	GOLD
stabilis	adj	0.5	positive	GOLD
obuius	adj	-0.5	negative	GOLD
pereruditus	adj	1	positive	GOLD
distans	adj	0	neutral	GOLD
formosulus	adj	0.5	positive	GOLD
infirmis	adj	-1	negative	GOLD
circumlatitius	adj	0	neutral	GOLD
sententiosus	adj	0	neutral	GOLD
demissus	adj	-1	negative	GOLD
secretus	adj	0	neutral	GOLD
pannuceus	adj	-0.5	negative	GOLD
commictilis	adj	-1	negative	GOLD
fascisticus	adj	-1	negative	GOLD
duriusculus	adj	-0.5	negative	GOLD
ardens	adj	0.5	positive	GOLD
paruus	adj	0	neutral	GOLD
uiuatus	adj	0	neutral	GOLD
perdelirus	adj	-1	negative	GOLD
propitius	adj	1	positive	GOLD
auctorizabilis	adj	-0.5	negative	GOLD
mutilus	adj	-0.5	negative	GOLD
caputalis	adj	-1	negative	GOLD
intortus	adj	0	neutral	GOLD
significans	adj	0.5	positive	GOLD
apsolutus	adj	0.5	positive	GOLD
rabiosulus	adj	-0.5	negative	GOLD
controuersiosus	adj	-1	negative	GOLD
annuus	adj	0	neutral	GOLD
excelsus	adj	1	positive	GOLD
suspiciosus	adj	-0.5	negative	GOLD
crocinus	adj	0	neutral	GOLD
incolomis	adj	1	positive	GOLD
inabsolutus	adj	-0.5	negative	GOLD
parens	adj	0.5	positive	GOLD
praecalidus	adj	0	neutral	GOLD
aduorsabilis	adj	-1	negative	GOLD
conquisitus	adj	-0.5	negative	GOLD
perpetualis	adj	0	neutral	GOLD
orthodoxus	adj	1	positive	GOLD
cassus	adj	-1	negative	GOLD
auctifer	adj	1	positive	GOLD
amens	adj	-1	negative	GOLD
percomis	adj	1	positive	GOLD
flexanimus	adj	0	neutral	GOLD
superuacuaneus	adj	-1	negative	GOLD
ferrugineus	adj	0	neutral	GOLD
declamatorius	adj	0	neutral	GOLD
uenustus	adj	1	positive	GOLD
posterior	adj	0	neutral	GOLD
dedecorosus	adj	-1	negative	GOLD
piisimus	adj	0.5	positive	GOLD
eternus	adj	0	neutral	GOLD
claudus	adj	-0.5	negative	GOLD
objectiuus	adj	0	neutral	GOLD
minutus	adj	0	neutral	GOLD
obstipus	adj	-0.5	negative	GOLD
contrajuris	adj	-1	negative	GOLD
caeles	adj	1	positive	GOLD
clamorosus	adj	-0.5	negative	GOLD
illaetabilis	adj	-1	negative	GOLD
inputribilis	adj	1	positive	GOLD
surrepticius	adj	-0.5	negative	GOLD
pulicarius	adj	-0.5	negative	GOLD
algificus	adj	0	neutral	GOLD
plerique	adj	0	neutral	GOLD
consultus	adj	1	positive	GOLD
lyricus	adj	0	neutral	GOLD
perciuilis	adj	1	positive	GOLD
populabundus	adj	-0.5	negative	GOLD
nidificus	adj	0	neutral	GOLD
inpius	adj	-1	negative	GOLD
pergrandis	adj	0	neutral	GOLD
canticus	adj	0	neutral	GOLD
recens	adj	0	neutral	GOLD
azymus	adj	1	positive	GOLD
cumulatus	adj	0.5	positive	GOLD
eugeneus	adj	0.5	positive	GOLD
uicinus	adj	0	neutral	GOLD
repostus	adj	0	neutral	GOLD
sincerus	adj	0.5	positive	GOLD
alcyonidus	adj	0	neutral	GOLD
uegrandis	adj	0	neutral	GOLD
centenarius	adj	0	neutral	GOLD
fatalis	adj	0	neutral	GOLD
inurbanus	adj	-0.5	negative	GOLD
sensualis	adj	0.5	positive	GOLD
sufficiens	adj	0	neutral	GOLD
inclitus	adj	1	positive	GOLD
innocuus	adj	0.5	positive	GOLD
illutus	adj	-0.5	negative	GOLD
curuatus	adj	0	neutral	GOLD
ceremonialis	adj	0	neutral	GOLD
delumbis	adj	-0.5	negative	GOLD
periculosus	adj	-1	negative	GOLD
uigoratus	adj	0.5	positive	GOLD
cunctalis	adj	0	neutral	GOLD
flauens	adj	0	neutral	GOLD
insipiens	adj	-1	negative	GOLD
exhaustus	adj	-0.5	negative	GOLD
cicilinus	adj	0	neutral	GOLD
falsiloquus	adj	-1	negative	GOLD
comminatiuus	adj	-1	negative	GOLD
pacatus	adj	0.5	positive	GOLD
continnatus	adj	0	neutral	GOLD
artificialis	adj	0	neutral	GOLD
seminudus	adj	0	neutral	GOLD
adtenuatus	adj	-0.5	negative	GOLD
grauidus	adj	0	neutral	GOLD
inmaculatus	adj	1	positive	GOLD
capitalis	adj	-1	negative	GOLD
coloratilis	adj	0	neutral	GOLD
laeuus	adj	-1	negative	GOLD
inaequabilis	adj	0	neutral	GOLD
clandestinus	adj	-0.5	negative	GOLD
reuerendus	adj	1	positive	GOLD
tumidus	adj	-0.5	negative	GOLD
malignans	adj	-1	negative	GOLD
necessis	adj	0	neutral	GOLD
distinctus	adj	0.5	positive	GOLD
nouicius	adj	0	neutral	GOLD
agilis	adj	0.5	positive	GOLD
coenosus	adj	-1	negative	GOLD
puter	adj	-1	negative	GOLD
comoedicus	adj	0	neutral	GOLD
crapulatus	adj	-1	negative	GOLD
symposiacus	adj	0	neutral	GOLD
exploratus	adj	0	neutral	GOLD
erroneus	adj	0	neutral	GOLD
diualiis	adj	1	positive	GOLD
irascibilis	adj	-1	negative	GOLD
ualidus	adj	1	positive	GOLD
oblitterus	adj	-1	negative	GOLD
glorificus	adj	1	positive	GOLD
ominosus	adj	-1	negative	GOLD
crepulus	adj	0	neutral	GOLD
sollers	adj	1	positive	GOLD
maestificus	adj	-1	negative	GOLD
dissolutus	adj	-0.5	negative	GOLD
orbus	adj	-0.5	negative	GOLD
inoblitus	adj	0	neutral	GOLD
sceleratus	adj	-1	negative	GOLD
anhelus	adj	0	neutral	GOLD
alsus	adj	0	neutral	GOLD
celebrabilis	adj	1	positive	GOLD
praefractus	adj	1	positive	GOLD
commodus	adj	0.5	positive	GOLD
inexhaustus	adj	0.5	positive	GOLD
inrationabilis	adj	-0.5	negative	GOLD
epicus	adj	0	neutral	GOLD
faustus	adj	1	positive	GOLD
auenarius	adj	0	neutral	GOLD
pannosus	adj	-0.5	negative	GOLD
altilis	adj	0	neutral	GOLD
medius	adj	0	neutral	GOLD
problematicus	adj	-0.5	negative	GOLD
intentionalis	adj	0	neutral	GOLD
honorarius	adj	0	neutral	GOLD
utillimus	adj	1	positive	GOLD
measurabilis	adj	0	neutral	GOLD
plenarius	adj	0.5	positive	GOLD
consequens	adj	0	neutral	GOLD
purus	adj	1	positive	GOLD
tuus	adj	0	neutral	GOLD
paratus	adj	0.5	positive	GOLD
execrabilis	adj	-1	negative	GOLD
uniuersalis	adj	0	neutral	GOLD
intestinus	adj	0	neutral	GOLD
uiolentus	adj	-1	negative	GOLD
feruidus	adj	-0.5	negative	GOLD
colonarius	adj	0	neutral	GOLD
sollemnis	adj	0	neutral	GOLD
bipedalis	adj	0	neutral	GOLD
magnus	adj	0	neutral	GOLD
multus	adj	0	neutral	GOLD
bonus	adj	1	positive	GOLD
Romanus	adj	0	neutral	GOLD
primus	adj	0.5	positive	GOLD
nouus	adj	0.5	positive	GOLD
grauis	adj	-0.5	negative	GOLD
miser	adj	-1	negative	GOLD
longus	adj	0	neutral	GOLD
certus	adj	0.5	positive	GOLD
fortis	adj	0.5	positive	GOLD
malus	adj	-1	negative	GOLD
leuis	adj	0	neutral	GOLD
publicus	adj	0	neutral	GOLD
propior	adj	0	neutral	GOLD
par	adj	0.5	positive	GOLD
uetus	adj	0	neutral	GOLD
ingens	adj	-0.5	negative	GOLD
altus	adj	0.5	positive	GOLD
alienus	adj	-0.5	negative	GOLD
ceterus	adj	0	neutral	GOLD
honestus	adj	1	positive	GOLD
clarus	adj	0.5	positive	GOLD
similis	adj	0	neutral	GOLD
paucus	adj	0	neutral	GOLD
turpis	adj	-1	negative	GOLD
communis	adj	0	neutral	GOLD
reliquus	adj	0	neutral	GOLD
uerus	adj	0.5	positive	GOLD
singulus	adj	0	neutral	GOLD
humanus	adj	0	neutral	GOLD
gratus	adj	1	positive	GOLD
necesse	adj	0.5	positive	GOLD
aequus	adj	0.5	positive	GOLD
liber	adj	0.5	positive	GOLD
laetus	adj	1	positive	GOLD
durus	adj	-0.5	negative	GOLD
tristis	adj	-1	negative	GOLD
plenus	adj	0	neutral	GOLD
satis	adj	0.5	positive	GOLD
exter	adj	0	neutral	GOLD
tertius	adj	0	neutral	GOLD
immortalis	adj	0.5	positive	GOLD
tutus	adj	0.5	positive	GOLD
prior	adj	0.5	positive	GOLD
nobilis	adj	1	positive	GOLD
secundus	adj	0	neutral	GOLD
notus	adj	0	neutral	GOLD
saeuus	adj	-1	negative	GOLD
facilis	adj	0.5	positive	GOLD
pulcher	adj	1	positive	GOLD
felix	adj	1	positive	GOLD
uarius	adj	0	neutral	GOLD
improbus	adj	-1	negative	GOLD
falsus	adj	-1	negative	GOLD
integer	adj	0.5	positive	GOLD
praesens	adj	0	neutral	GOLD
iustus	adj	1	positive	GOLD
utilis	adj	1	positive	GOLD
amplus	adj	0	neutral	GOLD
inuitus	adj	-0.5	negative	GOLD
posterus	adj	0	neutral	GOLD
antiquus	adj	0	neutral	GOLD
ultimus	adj	0	neutral	GOLD
dubius	adj	-0.5	negative	GOLD
ingratus	adj	-1	negative	GOLD
incertus	adj	-0.5	negative	GOLD
tenuis	adj	0	neutral	GOLD
patrius	adj	0	neutral	GOLD
beatus	adj	1	positive	GOLD
difficilis	adj	-0.5	negative	GOLD
uniuersus	adj	0	neutral	GOLD
sanctus	adj	0.5	positive	GOLD
diues	adj	0.5	positive	GOLD
ciuilis	adj	0.5	positive	GOLD
nudus	adj	0	neutral	GOLD
contentus	adj	0.5	positive	GOLD
regius	adj	0	neutral	GOLD
proprius	adj	0	neutral	GOLD
iratus	adj	-1	negative	GOLD
mirus	adj	1	positive	GOLD
aureus	adj	0.5	positive	GOLD
ignotus	adj	-0.5	negative	GOLD
necessarius	adj	0	neutral	GOLD
iniquus	adj	-1	negative	GOLD
armatus	adj	0	neutral	GOLD
diuinus	adj	0.5	positive	GOLD
iucundus	adj	1	positive	GOLD
uiuus	adj	0	neutral	GOLD
militaris	adj	0	neutral	GOLD
scepticismus	noun	0	neutral	GOLD
expugnatio	noun	1	positive	GOLD
fornax	noun	0	neutral	GOLD
rhythmus	noun	0	neutral	GOLD
exempoator	noun	1	positive	GOLD
alacritas	noun	1	positive	GOLD
tata	noun	0	neutral	GOLD
documen	noun	0	neutral	GOLD
fundaitor	noun	0	neutral	GOLD
opscenitas	noun	-1	negative	GOLD
ansula	noun	0	neutral	GOLD
ignoratio	noun	-0.5	negative	GOLD
ardelio	noun	0.5	positive	GOLD
intemperantia	noun	-1	negative	GOLD
arrabo	noun	0	neutral	GOLD
furor	noun	-1	negative	GOLD
delatura	noun	-1	negative	GOLD
reclamatio	noun	0	neutral	GOLD
simulacrum	noun	0	neutral	GOLD
interstitio	noun	0	neutral	GOLD
conea	noun	0	neutral	GOLD
certamen	noun	0.5	positive	GOLD
cultrix	noun	0	neutral	GOLD
duplicitas	noun	-1	negative	GOLD
mensula	noun	0	neutral	GOLD
ferocitas	noun	-1	negative	GOLD
facetia	noun	0	neutral	GOLD
conplementum	noun	0	neutral	GOLD
postulatus	noun	0	neutral	GOLD
praesuppositio	noun	0	neutral	GOLD
auaritia	noun	-1	negative	GOLD
diabathrum	noun	0	neutral	GOLD
caecutientia	noun	-1	negative	GOLD
aequiperatio	noun	0	neutral	GOLD
compilatio	noun	-1	negative	GOLD
necopinans	noun	-0.5	negative	GOLD
periitia	noun	-1	negative	GOLD
lardum	noun	0	neutral	GOLD
auditorium	noun	0	neutral	GOLD
circuitus	noun	0	neutral	GOLD
fornicatio	noun	-1	negative	GOLD
prohoemium	noun	0	neutral	GOLD
foetor	noun	-1	negative	GOLD
iuuenca	noun	0	neutral	GOLD
suauitudo	noun	0.5	positive	GOLD
sophos	noun	1	positive	GOLD
adgressus	noun	0.5	positive	GOLD
autocthon	noun	0	neutral	GOLD
crepido	noun	0	neutral	GOLD
plebecula	noun	-0.5	negative	GOLD
anhelitor	noun	-0.5	negative	GOLD
osculum	noun	0	neutral	GOLD
narratio	noun	0	neutral	GOLD
adgnomen	noun	0	neutral	GOLD
absentia	noun	-0.5	negative	GOLD
catinus	noun	0	neutral	GOLD
repertum	noun	0	neutral	GOLD
compages	noun	0.5	positive	GOLD
honos	noun	1	positive	GOLD
susurratio	noun	0	neutral	GOLD
aduentor	noun	0	neutral	GOLD
exquaesitor	noun	0	neutral	GOLD
nequitia	noun	-1	negative	GOLD
arsen	noun	0	neutral	GOLD
astaphis	noun	0	neutral	GOLD
mordicatio	noun	0	neutral	GOLD
cuticula	noun	0	neutral	GOLD
astrologia	noun	0	neutral	GOLD
inmemoratio	noun	-0.5	negative	GOLD
cariota	noun	0	neutral	GOLD
confortatio	noun	1	positive	GOLD
laserpicium	noun	0	neutral	GOLD
burdunculus	noun	0	neutral	GOLD
adtrectatus	noun	0	neutral	GOLD
defenstrix	noun	0	neutral	GOLD
candor	noun	0.5	positive	GOLD
cliuus	noun	0	neutral	GOLD
cacatus	noun	0	neutral	GOLD
hortamen	noun	0.5	positive	GOLD
callaina	noun	0	neutral	GOLD
arietatio	noun	0	neutral	GOLD
scientia	noun	0	neutral	GOLD
hospita	noun	0.5	positive	GOLD
conquestus	noun	-1	negative	GOLD
coactile	noun	0	neutral	GOLD
aduocatus	noun	0	neutral	GOLD
postprincipia	noun	0	neutral	GOLD
dictatura	noun	0	neutral	GOLD
antistatus	noun	0.5	positive	GOLD
celator	noun	-0.5	negative	GOLD
successio	noun	0	neutral	GOLD
citocacium	noun	0	neutral	GOLD
peccator	noun	-1	negative	GOLD
correspondentia	noun	0	neutral	GOLD
inceptio	noun	0	neutral	GOLD
facies	noun	0	neutral	GOLD
coctio	noun	0	neutral	GOLD
inperfectio	noun	-0.5	negative	GOLD
tapete	noun	0	neutral	GOLD
excidium	noun	-1	negative	GOLD
citatus	noun	-0.5	negative	GOLD
colletis	noun	0	neutral	GOLD
transmigratio	noun	0	neutral	GOLD
correptio	noun	-0.5	negative	GOLD
myxus	noun	0	neutral	GOLD
appenditium	noun	0	neutral	GOLD
tonium	noun	0	neutral	GOLD
pontus	noun	0	neutral	GOLD
pellis	noun	0	neutral	GOLD
apsentia	noun	-0.5	negative	GOLD
sanctuarium	noun	0.5	positive	GOLD
appellatio	noun	0	neutral	GOLD
scortillum	noun	-0.5	negative	GOLD
scaphium	noun	0	neutral	GOLD
arcitectus	noun	0	neutral	GOLD
euolutio	noun	0	neutral	GOLD
abortio	noun	-0.5	negative	GOLD
litigium	noun	-0.5	negative	GOLD
cimeliarcha	noun	0	neutral	GOLD
fatuus	noun	-0.5	negative	GOLD
disidium	noun	-1	negative	GOLD
flexibilitas	noun	0	neutral	GOLD
conpressor	noun	-1	negative	GOLD
exhonoratio	noun	-1	negative	GOLD
mundities	noun	0.5	positive	GOLD
sectator	noun	0	neutral	GOLD
herus	noun	0	neutral	GOLD
adparentia	noun	0	neutral	GOLD
uenetum	noun	0	neutral	GOLD
suspiritus	noun	-0.5	negative	GOLD
uaticinatio	noun	0	neutral	GOLD
pollex	noun	0	neutral	GOLD
nocumentum	noun	-0.5	negative	GOLD
opilio	noun	0	neutral	GOLD
oesypum	noun	0	neutral	GOLD
rapacida	noun	-0.5	negative	GOLD
saltatio	noun	0	neutral	GOLD
moderamen	noun	0	neutral	GOLD
eq	noun	0	neutral	GOLD
prouerbium	noun	0	neutral	GOLD
quisquilia	noun	-0.5	negative	GOLD
scrutinium	noun	0	neutral	GOLD
tumultuatio	noun	-0.5	negative	GOLD
trabs	noun	0	neutral	GOLD
contubernalis	noun	0.5	positive	GOLD
amandatio	noun	-1	negative	GOLD
exinanitio	noun	-0.5	negative	GOLD
animatus	noun	0	neutral	GOLD
adser	noun	0	neutral	GOLD
lacus	noun	0	neutral	GOLD
contumacia	noun	-1	negative	GOLD
cauculator	noun	0	neutral	GOLD
cannabis	noun	0	neutral	GOLD
suffimentum	noun	0	neutral	GOLD
cauillatus	noun	-0.5	negative	GOLD
responsabilitas	noun	0	neutral	GOLD
aestimatus	noun	0	neutral	GOLD
paracletus	noun	1	positive	GOLD
indiligentia	noun	-1	negative	GOLD
indagatus	noun	0	neutral	GOLD
sutura	noun	0	neutral	GOLD
altarium	noun	0	neutral	GOLD
afa	noun	0	neutral	GOLD
conmemoramentum	noun	0	neutral	GOLD
dextera	noun	0	neutral	GOLD
adjutus	noun	1	positive	GOLD
constuprator	noun	-1	negative	GOLD
imputatio	noun	-0.5	negative	GOLD
taciturnitas	noun	0	neutral	GOLD
porculus	noun	0	neutral	GOLD
angarus	noun	0	neutral	GOLD
tussis	noun	0	neutral	GOLD
census	noun	0	neutral	GOLD
querella	noun	-1	negative	GOLD
negotiatio	noun	0	neutral	GOLD
blatta	noun	0	neutral	GOLD
percontatio	noun	0	neutral	GOLD
crambe	noun	0	neutral	GOLD
securitas	noun	1	positive	GOLD
adsentatio	noun	0.5	positive	GOLD
trabes	noun	0	neutral	GOLD
sicarius	noun	-1	negative	GOLD
focus	noun	0	neutral	GOLD
glomus	noun	0	neutral	GOLD
defectibilitas	noun	-0.5	negative	GOLD
proteruitas	noun	-0.5	negative	GOLD
thea	noun	0	neutral	GOLD
uerbum	noun	0	neutral	GOLD
auctumnus	noun	0	neutral	GOLD
tristities	noun	-1	negative	GOLD
lien	noun	-1	negative	GOLD
simultas	noun	-1	negative	GOLD
eileton	noun	0	neutral	GOLD
lanterna	noun	0	neutral	GOLD
beatitas	noun	1	positive	GOLD
amaritudo	noun	-0.5	negative	GOLD
complexus	noun	0	neutral	GOLD
adinuentio	noun	0	neutral	GOLD
caltha	noun	0	neutral	GOLD
anus	noun	0	neutral	GOLD
discriptio	noun	0	neutral	GOLD
risus	noun	0	neutral	GOLD
occisio	noun	-1	negative	GOLD
cooperatio	noun	0.5	positive	GOLD
conscia	noun	-0.5	negative	GOLD
moestitudo	noun	-1	negative	GOLD
maliuolentia	noun	-1	negative	GOLD
cupido	noun	-0.5	negative	GOLD
detectio	noun	0.5	positive	GOLD
positio	noun	0	neutral	GOLD
armigera	noun	0	neutral	GOLD
batis	noun	0	neutral	GOLD
brassica	noun	0	neutral	GOLD
opprobrium	noun	-1	negative	GOLD
persecutio	noun	0	neutral	GOLD
caldor	noun	0	neutral	GOLD
repertor	noun	0	neutral	GOLD
captiuncula	noun	-0.5	negative	GOLD
inmanitas	noun	-1	negative	GOLD
barython	noun	0	neutral	GOLD
uerisimilitudo	noun	0	neutral	GOLD
trophaeum	noun	0.5	positive	GOLD
crepitacillum	noun	0	neutral	GOLD
captiuitas	noun	-1	negative	GOLD
anamnesis	noun	0	neutral	GOLD
pix	noun	0	neutral	GOLD
subsidiarius	noun	0	neutral	GOLD
defensator	noun	0	neutral	GOLD
innuleus	noun	0	neutral	GOLD
ethologus	noun	0	neutral	GOLD
coquus	noun	0	neutral	GOLD
intellectus	noun	0	neutral	GOLD
furtum	noun	-1	negative	GOLD
rasorium	noun	0	neutral	GOLD
lancinatio	noun	-1	negative	GOLD
photographia	noun	0	neutral	GOLD
adoratio	noun	0.5	positive	GOLD
ruta	noun	0	neutral	GOLD
cantatio	noun	0	neutral	GOLD
memoriola	noun	0	neutral	GOLD
capillatura	noun	0	neutral	GOLD
elapsus	noun	0	neutral	GOLD
drama	noun	0	neutral	GOLD
adlegatio	noun	0	neutral	GOLD
odoratus	noun	0	neutral	GOLD
rationalis	noun	0	neutral	GOLD
promontorium	noun	0	neutral	GOLD
exhalatio	noun	-0.5	negative	GOLD
adcretio	noun	0	neutral	GOLD
aeroplaniga	noun	0	neutral	GOLD
cerua	noun	0	neutral	GOLD
numerarius	noun	0	neutral	GOLD
ammentum	noun	0	neutral	GOLD
chalcas	noun	0	neutral	GOLD
archetypon	noun	0	neutral	GOLD
conductum	noun	0	neutral	GOLD
obseruantia	noun	0	neutral	GOLD
transpiratio	noun	0	neutral	GOLD
praerogatiua	noun	0	neutral	GOLD
extimum	noun	0	neutral	GOLD
offensa	noun	-1	negative	GOLD
adrectarium	noun	0	neutral	GOLD
fortunium	noun	1	positive	GOLD
obstaculum	noun	-0.5	negative	GOLD
sanctus	noun	1	positive	GOLD
coaequalis	noun	0	neutral	GOLD
decidiculum	noun	0	neutral	GOLD
pinus	noun	0	neutral	GOLD
aedifex	noun	0	neutral	GOLD
linteolum	noun	0	neutral	GOLD
oleum	noun	0	neutral	GOLD
tapes	noun	0	neutral	GOLD
odontalgia	noun	0	neutral	GOLD
considerantia	noun	0	neutral	GOLD
reprehensio	noun	-0.5	negative	GOLD
artificium	noun	0	neutral	GOLD
obligatio	noun	0	neutral	GOLD
melote	noun	0	neutral	GOLD
lectica	noun	0	neutral	GOLD
attractio	noun	0	neutral	GOLD
saccus	noun	0	neutral	GOLD
gorytus	noun	0	neutral	GOLD
cleptes	noun	-1	negative	GOLD
monile	noun	0	neutral	GOLD
terrorismus	noun	-1	negative	GOLD
immortalis	noun	0.5	positive	GOLD
liquamen	noun	0	neutral	GOLD
constructio	noun	0	neutral	GOLD
pecten	noun	0	neutral	GOLD
gelda	noun	0	neutral	GOLD
axedo	noun	0	neutral	GOLD
felo	noun	-1	negative	GOLD
attributum	noun	0	neutral	GOLD
inuentor	noun	0	neutral	GOLD
diagramma	noun	0	neutral	GOLD
heth	noun	0	neutral	GOLD
cappari	noun	0	neutral	GOLD
aer	noun	0	neutral	GOLD
desponsatio	noun	0	neutral	GOLD
orphanus	noun	-0.5	negative	GOLD
coadjutor	noun	0.5	positive	GOLD
detractio	noun	-0.5	negative	GOLD
nepos	noun	0	neutral	GOLD
homicida	noun	-1	negative	GOLD
tignum	noun	0	neutral	GOLD
pyramis	noun	0	neutral	GOLD
deceptio	noun	-1	negative	GOLD
conjectatio	noun	0	neutral	GOLD
fruticetum	noun	0	neutral	GOLD
conuersa	noun	0	neutral	GOLD
tabella	noun	0	neutral	GOLD
pleuina	noun	0	neutral	GOLD
battuarium	noun	0	neutral	GOLD
debilitas	noun	-1	negative	GOLD
conlator	noun	0	neutral	GOLD
deflexus	noun	0	neutral	GOLD
chema	noun	0	neutral	GOLD
nucleus	noun	0	neutral	GOLD
diaphragma	noun	0	neutral	GOLD
meritum	noun	1	positive	GOLD
cautio	noun	0.5	positive	GOLD
indigena	noun	0	neutral	GOLD
conligatio	noun	0	neutral	GOLD
aduersum	noun	-0.5	negative	GOLD
foeditas	noun	-1	negative	GOLD
temperantia	noun	1	positive	GOLD
pedis	noun	0	neutral	GOLD
populus	noun	0	neutral	GOLD
spiculum	noun	0	neutral	GOLD
dilapsio	noun	-1	negative	GOLD
fodorus	noun	0	neutral	GOLD
coccymelum	noun	0	neutral	GOLD
permities	noun	-1	negative	GOLD
jocundiatas	noun	1	positive	GOLD
coagmentarius	noun	0	neutral	GOLD
confessionale	noun	0	neutral	GOLD
orexis	noun	-1	negative	GOLD
caussidicus	noun	0	neutral	GOLD
uituperatio	noun	-1	negative	GOLD
sedile	noun	0	neutral	GOLD
ambiguitas	noun	-0.5	negative	GOLD
statera	noun	0	neutral	GOLD
mazer	noun	-0.5	negative	GOLD
permissus	noun	0	neutral	GOLD
combustio	noun	0	neutral	GOLD
cellarium	noun	0	neutral	GOLD
pharmacopola	noun	0	neutral	GOLD
capsula	noun	0	neutral	GOLD
impassibilitas	noun	-0.5	negative	GOLD
confiscator	noun	0	neutral	GOLD
ichnographia	noun	0	neutral	GOLD
cyprinus	noun	0	neutral	GOLD
cinematographeum	noun	0	neutral	GOLD
proditrix	noun	-1	negative	GOLD
trepiditas	noun	-1	negative	GOLD
strenuitas	noun	1	positive	GOLD
columba	noun	0	neutral	GOLD
epigrammatum	noun	0	neutral	GOLD
applicatio	noun	0	neutral	GOLD
talus	noun	0	neutral	GOLD
mensa	noun	0	neutral	GOLD
accusator	noun	0	neutral	GOLD
pyrobolus	noun	0	neutral	GOLD
problema	noun	0	neutral	GOLD
anancites	noun	0	neutral	GOLD
carnis	noun	0	neutral	GOLD
exsistimatio	noun	0.5	positive	GOLD
fabula	noun	0	neutral	GOLD
bacchatio	noun	0	neutral	GOLD
ceremonia	noun	0	neutral	GOLD
cambium	noun	0	neutral	GOLD
deprecator	noun	0.5	positive	GOLD
impaciencia	noun	-1	negative	GOLD
nepa	noun	0	neutral	GOLD
deuorsorium	noun	0	neutral	GOLD
accubitatio	noun	0	neutral	GOLD
hira	noun	0	neutral	GOLD
documentum	noun	0	neutral	GOLD
marca	noun	0	neutral	GOLD
repulsus	noun	-0.5	negative	GOLD
materia	noun	0	neutral	GOLD
allubentia	noun	0	neutral	GOLD
compar	noun	0	neutral	GOLD
agnomen	noun	0	neutral	GOLD
posteritas	noun	0	neutral	GOLD
connubium	noun	0.5	positive	GOLD
absortio	noun	1	positive	GOLD
physiologus	noun	0	neutral	GOLD
stillicidium	noun	-0.5	negative	GOLD
appreciatum	noun	0.5	positive	GOLD
elaboratio	noun	-0.5	negative	GOLD
aequiparatio	noun	0	neutral	GOLD
adnomentum	noun	0	neutral	GOLD
aeriportus	noun	0	neutral	GOLD
circen	noun	0	neutral	GOLD
bipertitio	noun	0	neutral	GOLD
architectus	noun	0	neutral	GOLD
saccatum	noun	0	neutral	GOLD
saburra	noun	0	neutral	GOLD
propinquitas	noun	0	neutral	GOLD
aggressura	noun	0.5	positive	GOLD
noxia	noun	-1	negative	GOLD
introductio	noun	0	neutral	GOLD
solitudo	noun	-0.5	negative	GOLD
conium	noun	0	neutral	GOLD
cocionatura	noun	0	neutral	GOLD
dissimulator	noun	-1	negative	GOLD
crimen	noun	-1	negative	GOLD
iustitium	noun	-1	negative	GOLD
phthongus	noun	0	neutral	GOLD
exagoga	noun	0	neutral	GOLD
destinatarius	noun	0	neutral	GOLD
messor	noun	0	neutral	GOLD
conscriptio	noun	0	neutral	GOLD
prex	noun	0	neutral	GOLD
cappella	noun	0	neutral	GOLD
comparatio	noun	0	neutral	GOLD
indagator	noun	0	neutral	GOLD
deridiculum	noun	-1	negative	GOLD
fuga	noun	-0.5	negative	GOLD
curatura	noun	0.5	positive	GOLD
conuentus	noun	0	neutral	GOLD
conditio	noun	0	neutral	GOLD
trochilea	noun	0	neutral	GOLD
phantasia	noun	0	neutral	GOLD
uallus	noun	0	neutral	GOLD
copia	noun	0.5	positive	GOLD
curculiunculus	noun	-0.5	negative	GOLD
technologia	noun	0	neutral	GOLD
agna	noun	0	neutral	GOLD
appulsus	noun	0	neutral	GOLD
dissidium	noun	-1	negative	GOLD
aduersaria	noun	-0.5	negative	GOLD
discumbens	noun	0	neutral	GOLD
manzerinus	noun	-1	negative	GOLD
monstrum	noun	0.5	positive	GOLD
necrologia	noun	-1	negative	GOLD
auctio	noun	0	neutral	GOLD
aggestio	noun	0	neutral	GOLD
baro	noun	-1	negative	GOLD
necrocomium	noun	-1	negative	GOLD
parabola	noun	0	neutral	GOLD
artum	noun	0	neutral	GOLD
juridicus	noun	0	neutral	GOLD
exasperatio	noun	-0.5	negative	GOLD
chalybs	noun	0	neutral	GOLD
instructus	noun	0	neutral	GOLD
accuratio	noun	0.5	positive	GOLD
derisio	noun	-1	negative	GOLD
cementicium	noun	0	neutral	GOLD
casus	noun	0	neutral	GOLD
uestibulum	noun	0	neutral	GOLD
sementerium	noun	-0.5	negative	GOLD
persona	noun	0	neutral	GOLD
refugium	noun	0.5	positive	GOLD
dominatrix	noun	0	neutral	GOLD
magister	noun	0.5	positive	GOLD
commemoramentum	noun	0	neutral	GOLD
coeptum	noun	0	neutral	GOLD
denominatio	noun	0	neutral	GOLD
antidepressiuum	noun	0	neutral	GOLD
calor	noun	0	neutral	GOLD
ile	noun	0	neutral	GOLD
dionysonymphas	noun	0	neutral	GOLD
capa	noun	0	neutral	GOLD
fulcrum	noun	0	neutral	GOLD
anachoresis	noun	0.5	positive	GOLD
rete	noun	0	neutral	GOLD
informitas	noun	-1	negative	GOLD
abominatio	noun	-1	negative	GOLD
praemonitus	noun	0	neutral	GOLD
capital	noun	-1	negative	GOLD
adinuentum	noun	0	neutral	GOLD
honorificentia	noun	1	positive	GOLD
organum	noun	0	neutral	GOLD
concorditas	noun	1	positive	GOLD
transenna	noun	0	neutral	GOLD
sermocinatio	noun	0	neutral	GOLD
syncopa	noun	0	neutral	GOLD
diuersitas	noun	-0.5	negative	GOLD
capacitas	noun	0	neutral	GOLD
uagina	noun	0	neutral	GOLD
caesna	noun	0	neutral	GOLD
incursus	noun	-1	negative	GOLD
suffragium	noun	0	neutral	GOLD
liuor	noun	-0.5	negative	GOLD
permixtio	noun	0	neutral	GOLD
characias	noun	0	neutral	GOLD
dirutio	noun	-1	negative	GOLD
adsensio	noun	1	positive	GOLD
exclamatio	noun	0	neutral	GOLD
nummischedula	noun	0	neutral	GOLD
defectio	noun	-1	negative	GOLD
notatio	noun	0	neutral	GOLD
exul	noun	-1	negative	GOLD
felis	noun	0	neutral	GOLD
ducissa	noun	0	neutral	GOLD
far	noun	0	neutral	GOLD
fluctio	noun	0	neutral	GOLD
buculus	noun	0	neutral	GOLD
cinemateum	noun	0	neutral	GOLD
adflictio	noun	-1	negative	GOLD
redimiculum	noun	0	neutral	GOLD
laetatio	noun	1	positive	GOLD
adytum	noun	0	neutral	GOLD
sycophantia	noun	-1	negative	GOLD
depectio	noun	0	neutral	GOLD
apographon	noun	0	neutral	GOLD
uacerra	noun	0	neutral	GOLD
conputator	noun	0	neutral	GOLD
rudimentum	noun	0	neutral	GOLD
efficacia	noun	1	positive	GOLD
bibliothecarius	noun	0	neutral	GOLD
conclusio	noun	0	neutral	GOLD
tristitia	noun	-1	negative	GOLD
productum	noun	0	neutral	GOLD
grates	noun	1	positive	GOLD
columpna	noun	0	neutral	GOLD
regulus	noun	-0.5	negative	GOLD
cluaca	noun	0	neutral	GOLD
praejudicium	noun	0	neutral	GOLD
exemplar	noun	0	neutral	GOLD
concretum	noun	0	neutral	GOLD
calcestrum	noun	0	neutral	GOLD
mazza	noun	0	neutral	GOLD
judex	noun	0	neutral	GOLD
inritamen	noun	0.5	positive	GOLD
contignatio	noun	0	neutral	GOLD
axiculus	noun	0	neutral	GOLD
organicus	noun	0	neutral	GOLD
eximietas	noun	1	positive	GOLD
galetta	noun	0	neutral	GOLD
militans	noun	0	neutral	GOLD
superum	noun	0.5	positive	GOLD
purgatio	noun	0.5	positive	GOLD
beneficentia	noun	1	positive	GOLD
denotatio	noun	-1	negative	GOLD
spelunca	noun	0	neutral	GOLD
confectorium	noun	0	neutral	GOLD
manga	noun	0	neutral	GOLD
canditatio	noun	0	neutral	GOLD
mercatus	noun	0	neutral	GOLD
admotio	noun	0	neutral	GOLD
hedera	noun	0	neutral	GOLD
internicio	noun	-1	negative	GOLD
limonata	noun	0	neutral	GOLD
medius	noun	0	neutral	GOLD
obuersus	noun	0	neutral	GOLD
emissarium	noun	0	neutral	GOLD
sequentia	noun	0	neutral	GOLD
durum	noun	-1	negative	GOLD
poeta	noun	0	neutral	GOLD
euentum	noun	0	neutral	GOLD
assis	noun	0	neutral	GOLD
alapa	noun	-0.5	negative	GOLD
caritas	noun	1	positive	GOLD
idea	noun	0	neutral	GOLD
adpositum	noun	0	neutral	GOLD
commune	noun	0	neutral	GOLD
exsuperantia	noun	0.5	positive	GOLD
affectio	noun	0	neutral	GOLD
creatio	noun	0.5	positive	GOLD
essentia	noun	0	neutral	GOLD
medicamentum	noun	0	neutral	GOLD
tritura	noun	0	neutral	GOLD
tabernula	noun	0	neutral	GOLD
gressus	noun	0	neutral	GOLD
stereotypus	noun	-0.5	negative	GOLD
uerum	noun	1	positive	GOLD
futtilitas	noun	-1	negative	GOLD
gremium	noun	0	neutral	GOLD
aequatio	noun	0.5	positive	GOLD
uenia	noun	1	positive	GOLD
fabrica	noun	0	neutral	GOLD
exspes	noun	-1	negative	GOLD
conruptio	noun	-1	negative	GOLD
planities	noun	0	neutral	GOLD
libella	noun	0	neutral	GOLD
stellionatus	noun	-1	negative	GOLD
extremum	noun	0	neutral	GOLD
perist√Ωlium	noun	0	neutral	GOLD
curuatio	noun	0	neutral	GOLD
adfamen	noun	0	neutral	GOLD
colpa	noun	-1	negative	GOLD
paullum	noun	0	neutral	GOLD
caracter	noun	0	neutral	GOLD
defetigatio	noun	-1	negative	GOLD
rassismus	noun	-1	negative	GOLD
uociferatio	noun	-0.5	negative	GOLD
uipera	noun	0	neutral	GOLD
prothesis	noun	0	neutral	GOLD
extritio	noun	-1	negative	GOLD
turannis	noun	-1	negative	GOLD
depuratio	noun	0.5	positive	GOLD
textura	noun	0	neutral	GOLD
res	noun	0	neutral	GOLD
homo	noun	0	neutral	GOLD
animus	noun	0.5	positive	GOLD
causa	noun	0	neutral	GOLD
locus	noun	0	neutral	GOLD
dies	noun	0	neutral	GOLD
pars	noun	0	neutral	GOLD
tempus	noun	0	neutral	GOLD
uir	noun	0.5	positive	GOLD
deus	noun	0	neutral	GOLD
bellum	noun	0	neutral	GOLD
manus	noun	0	neutral	GOLD
corpus	noun	0	neutral	GOLD
pater	noun	0	neutral	GOLD
uis	noun	1	positive	GOLD
respublica	noun	0.5	positive	GOLD
rex	noun	0	neutral	GOLD
nomen	noun	0	neutral	GOLD
hostis	noun	-1	negative	GOLD
uita	noun	0	neutral	GOLD
urbs	noun	0.5	positive	GOLD
domus	noun	0	neutral	GOLD
terra	noun	0	neutral	GOLD
lex	noun	0.5	positive	GOLD
senatus	noun	0.5	positive	GOLD
uirtus	noun	1	positive	GOLD
miles	noun	0	neutral	GOLD
arma	noun	0	neutral	GOLD
ciuitas	noun	0.5	positive	GOLD
consilium	noun	0.5	positive	GOLD
iudicium	noun	0.5	positive	GOLD
natura	noun	0	neutral	GOLD
mors	noun	-1	negative	GOLD
genus	noun	0	neutral	GOLD
iudex	noun	0.5	positive	GOLD
castra	noun	0	neutral	GOLD
exercitus	noun	0	neutral	GOLD
opus	noun	0.5	positive	GOLD
amicus	noun	1	positive	GOLD
annus	noun	0	neutral	GOLD
bonum	noun	1	positive	GOLD
fides	noun	1	positive	GOLD
ius	noun	0.5	positive	GOLD
imperium	noun	0	neutral	GOLD
consul	noun	0.5	positive	GOLD
ciuis	noun	0.5	positive	GOLD
periculum	noun	-1	negative	GOLD
legio	noun	0	neutral	GOLD
malum	noun	-1	negative	GOLD
beneficium	noun	1	positive	GOLD
mos	noun	0.5	positive	GOLD
os	noun	0	neutral	GOLD
nox	noun	0	neutral	GOLD
honor	noun	1	positive	GOLD
mare	noun	0	neutral	GOLD
oculus	noun	0	neutral	GOLD
uox	noun	0	neutral	GOLD
caput	noun	0	neutral	GOLD
eques	noun	0	neutral	GOLD
prouincia	noun	0	neutral	GOLD
filius	noun	0	neutral	GOLD
scelus	noun	-1	negative	GOLD
amor	noun	1	positive	GOLD
princeps	noun	0.5	positive	GOLD
spes	noun	0.5	positive	GOLD
mens	noun	0.5	positive	GOLD
caelum	noun	0.5	positive	GOLD
mater	noun	0	neutral	GOLD
aqua	noun	0	neutral	GOLD
gratia	noun	1	positive	GOLD
metus	noun	-1	negative	GOLD
ignis	noun	0	neutral	GOLD
ager	noun	0	neutral	GOLD
dolor	noun	-1	negative	GOLD
dux	noun	0.5	positive	GOLD
iter	noun	0	neutral	GOLD
labor	noun	-0.5	negative	GOLD
studium	noun	0.5	positive	GOLD
nauis	noun	0	neutral	GOLD
gens	noun	0	neutral	GOLD
iniuria	noun	-1	negative	GOLD
aetas	noun	0	neutral	GOLD
pes	noun	0	neutral	GOLD
regnum	noun	0	neutral	GOLD
ordo	noun	0.5	positive	GOLD
frater	noun	0	neutral	GOLD
signum	noun	0	neutral	GOLD
puer	noun	0	neutral	GOLD
legatus	noun	0	neutral	GOLD
sententia	noun	0	neutral	GOLD
finis	noun	0	neutral	GOLD
salus	noun	1	positive	GOLD
seruus	noun	-0.5	negative	GOLD
uia	noun	0	neutral	GOLD
ars	noun	0	neutral	GOLD
abstinentia	noun	1	positive	SILVER
acceptus	adj	1	positive	SILVER
accretio	noun	0	neutral	SILVER
acies	noun	0	neutral	SILVER
acta	noun	0.5	positive	SILVER
acua	noun	0	neutral	SILVER
acualis	adj	0	neutral	SILVER
acuarius	noun	0	neutral	SILVER
adcuratio	noun	0.5	positive	SILVER
adfectio	noun	0	neutral	SILVER
adgestio	noun	0	neutral	SILVER
adgnomentom	noun	0	neutral	SILVER
adgressura	noun	0.5	positive	SILVER
adlibentia	noun	0	neutral	SILVER
admentom	noun	0	neutral	SILVER
adnomen	noun	0	neutral	SILVER
adpellatio	noun	0	neutral	SILVER
adplicatio	noun	0	neutral	SILVER
adpositom	noun	0	neutral	SILVER
adpulsus	noun	0	neutral	SILVER
adspectabilis	adj	0	neutral	SILVER
adtractio	noun	0	neutral	SILVER
adtributom	noun	0	neutral	SILVER
aduersabilis	adj	-1	negative	SILVER
aduersarius	noun	-1	negative	SILVER
aduersom	noun	-0.5	negative	SILVER
aduorsarius	noun	-1	negative	SILVER
adytom	noun	0	neutral	SILVER
aecus	adj	0.5	positive	SILVER
aedes	noun	0	neutral	SILVER
aegritudo	noun	-1	negative	SILVER
aeneus	adj	0	neutral	SILVER
aequalis	adj	0.5	positive	SILVER
aequibilis	adj	0.5	positive	SILVER
aequiperabilis	adj	0	neutral	SILVER
aequitas	noun	0.5	positive	SILVER
aequor	noun	0	neutral	SILVER
aerumna	noun	-0.5	negative	SILVER
aeuitas	noun	0	neutral	SILVER
affamen	noun	0	neutral	SILVER
affectionalis	adj	0	neutral	SILVER
afflictio	noun	-1	negative	SILVER
aggressus	noun	0.5	positive	SILVER
agilitas	noun	0.5	positive	SILVER
agralis	adj	0	neutral	SILVER
agraris	adj	0	neutral	SILVER
agrarius	adj	0	neutral	SILVER
alacer	adj	1	positive	SILVER
alacris	adj	1	positive	SILVER
alapha	noun	-0.5	negative	SILVER
alienitas	noun	-0.5	negative	SILVER
allegatio	noun	0	neutral	SILVER
altariom	noun	0	neutral	SILVER
altiliarius	noun	0	neutral	SILVER
altilitas	noun	0	neutral	SILVER
amans	noun	1	positive	SILVER
amarus	adj	-0.5	negative	SILVER
ambiguus	adj	-0.5	negative	SILVER
ameicus	noun	1	positive	SILVER
amentia	noun	-1	negative	SILVER
amicalis	adj	1	positive	SILVER
ammotio	noun	0	neutral	SILVER
amoratus	adj	1	positive	SILVER
amplitudo	noun	0	neutral	SILVER
ancarius	noun	0	neutral	SILVER
angor	noun	-1	negative	SILVER
anilis	adj	0	neutral	SILVER
anima	noun	0.5	positive	SILVER
anitas	noun	0	neutral	SILVER
annalis	adj	0	neutral	SILVER
annalis	noun	0	neutral	SILVER
annarius	adj	0	neutral	SILVER
anticus	adj	0	neutral	SILVER
antiquaris	adj	0	neutral	SILVER
antiquarius	adj	0	neutral	SILVER
antiquitas	noun	0	neutral	SILVER
antistes	noun	0.5	positive	SILVER
antrum	noun	0	neutral	SILVER
apparentia	noun	0	neutral	SILVER
appenditiom	noun	0	neutral	SILVER
aqualis	adj	0	neutral	SILVER
aquarius	adj	0	neutral	SILVER
aquaticus	adj	0	neutral	SILVER
aquatilis	adj	0	neutral	SILVER
aquatus	adj	0	neutral	SILVER
aqueus	adj	0	neutral	SILVER
aquilus	adj	0	neutral	SILVER
archetypum	noun	0	neutral	SILVER
architecticus	adj	0	neutral	SILVER
architectonicus	adj	0	neutral	SILVER
ardalio	noun	0.5	positive	SILVER
argumentum	noun	0	neutral	SILVER
armamentum	noun	0	neutral	SILVER
armarium	noun	0	neutral	SILVER
arrabon	noun	0	neutral	SILVER
arrhabo	noun	0	neutral	SILVER
arrhabon	noun	0	neutral	SILVER
artifex	noun	0	neutral	SILVER
artificiom	noun	0	neutral	SILVER
artitus	adj	0	neutral	SILVER
artom	noun	0	neutral	SILVER
aruorsarius	noun	-1	negative	SILVER
as	noun	0	neutral	SILVER
asper	adj	-0.5	negative	SILVER
asperitas	noun	-0.5	negative	SILVER
aspredo	noun	-0.5	negative	SILVER
aspretum	noun	-0.5	negative	SILVER
aspritudo	noun	-0.5	negative	SILVER
asprus	adj	-0.5	negative	SILVER
assarius	adj	0	neutral	SILVER
assensio	noun	1	positive	SILVER
assentatio	noun	0.5	positive	SILVER
assiculus	noun	0	neutral	SILVER
astrologus	adj	0	neutral	SILVER
attrectatus	noun	0	neutral	SILVER
atuentor	noun	0	neutral	SILVER
auarus	adj	-1	negative	SILVER
auctionalis	adj	0	neutral	SILVER
auctionarius	adj	0	neutral	SILVER
audacia	noun	1	positive	SILVER
auditorialis	adj	0	neutral	SILVER
auditoriom	noun	0	neutral	SILVER
auena	noun	0	neutral	SILVER
augurium	noun	0.5	positive	SILVER
augustus	noun	1	positive	SILVER
aura	noun	1	positive	SILVER
aureatus	adj	0.5	positive	SILVER
aurum	noun	0.5	positive	SILVER
ausculom	noun	0	neutral	SILVER
austerus	adj	-0.5	negative	SILVER
autochthon	noun	0	neutral	SILVER
autumnus	noun	0	neutral	SILVER
autumpnus	noun	0	neutral	SILVER
axis	noun	0	neutral	SILVER
bagina	noun	0	neutral	SILVER
basium	noun	0	neutral	SILVER
battis	noun	0	neutral	SILVER
bellicus	adj	0	neutral	SILVER
bellom	noun	0	neutral	SILVER
beneficialis	adj	1	positive	SILVER
beneficiarius	adj	1	positive	SILVER
beneficiatus	noun	1	positive	SILVER
beneficientia	noun	1	positive	SILVER
beneficiom	noun	1	positive	SILVER
beneficus	adj	1	positive	SILVER
benificentia	noun	1	positive	SILVER
benificientia	noun	1	positive	SILVER
bibliotheca	noun	0	neutral	SILVER
bibliothece	noun	0	neutral	SILVER
bipartitio	noun	0	neutral	SILVER
bipedalium	noun	0	neutral	SILVER
bita	noun	0	neutral	SILVER
blattarius	adj	0	neutral	SILVER
blattea	noun	0	neutral	SILVER
blatteus	adj	0	neutral	SILVER
blattiarius	noun	0	neutral	SILVER
bonatus	adj	1	positive	SILVER
bonitas	noun	1	positive	SILVER
bonom	noun	1	positive	SILVER
bonus	noun	1	positive	SILVER
bybliothecarius	noun	0	neutral	SILVER
caelibatus	noun	0.5	positive	SILVER
caelicus	adj	0.5	positive	SILVER
caelom	noun	0.5	positive	SILVER
caena	noun	0	neutral	SILVER
caenosus	adj	-1	negative	SILVER
caeremonia	noun	0	neutral	SILVER
caerimonia	noun	0.5	positive	SILVER
caesar	noun	0.5	positive	SILVER
calcestrom	noun	0	neutral	SILVER
caligo	noun	-0.5	negative	SILVER
caloratus	adj	0	neutral	SILVER
calta	noun	0	neutral	SILVER
cambiom	noun	0	neutral	SILVER
campania	noun	0	neutral	SILVER
campus	noun	0	neutral	SILVER
camur	adj	0	neutral	SILVER
canabetum	noun	0	neutral	SILVER
cancer	noun	-1	negative	SILVER
cantus	noun	0	neutral	SILVER
capax	adj	0	neutral	SILVER
capha	noun	0	neutral	SILVER
capitale	noun	-1	negative	SILVER
capitatus	adj	0	neutral	SILVER
capito	noun	0	neutral	SILVER
captiuus	adj	-1	negative	SILVER
capud	noun	0	neutral	SILVER
careota	noun	0	neutral	SILVER
carnalis	adj	0	neutral	SILVER
carnarius	adj	0	neutral	SILVER
carnatus	adj	0	neutral	SILVER
carneus	adj	0	neutral	SILVER
caro	noun	0	neutral	SILVER
carus	adj	1	positive	SILVER
cassis	noun	0	neutral	SILVER
cassus	noun	0	neutral	SILVER
casualis	adj	0	neutral	SILVER
cauitio	noun	0.5	positive	SILVER
causalis	adj	0	neutral	SILVER
causarius	adj	0	neutral	SILVER
caussa	noun	0	neutral	SILVER
cautionalis	adj	0.5	positive	SILVER
ceiueis	noun	0.5	positive	SILVER
ceiuitas	noun	0.5	positive	SILVER
cellariarius	noun	0	neutral	SILVER
cellariom	noun	0	neutral	SILVER
censualis	adj	0	neutral	SILVER
centenus	adj	0	neutral	SILVER
certitas	noun	0.5	positive	SILVER
certitudo	noun	0.5	positive	SILVER
ceruicositas	noun	-0.5	negative	SILVER
chapa	noun	0	neutral	SILVER
character	noun	0	neutral	SILVER
charitas	noun	1	positive	SILVER
cheme	noun	0	neutral	SILVER
chorda	noun	1	positive	SILVER
cici	noun	0	neutral	SILVER
ciconea	noun	0	neutral	SILVER
circumitus	noun	0	neutral	SILVER
citocaciom	noun	0	neutral	SILVER
ciuicus	adj	0.5	positive	SILVER
ciuilitas	noun	0.5	positive	SILVER
claredo	noun	0.5	positive	SILVER
clarissimatus	noun	0.5	positive	SILVER
claritas	noun	0.5	positive	SILVER
claritudo	noun	0.5	positive	SILVER
clauditas	noun	-0.5	negative	SILVER
clepta	noun	-1	negative	SILVER
cliuos	noun	0	neutral	SILVER
cloaca	noun	0	neutral	SILVER
clodus	adj	-0.5	negative	SILVER
cludus	adj	-0.5	negative	SILVER
coccio	noun	0	neutral	SILVER
coccymelom	noun	0	neutral	SILVER
cocetum	noun	0	neutral	SILVER
coeles	adj	1	positive	SILVER
coelum	noun	0.5	positive	SILVER
coeptom	noun	0	neutral	SILVER
cognitio	noun	0.5	positive	SILVER
coiunx	noun	-0.5	negative	SILVER
collator	noun	0	neutral	SILVER
colligatio	noun	0	neutral	SILVER
colonus	noun	0	neutral	SILVER
color	noun	0	neutral	SILVER
colos	noun	0	neutral	SILVER
columbar	noun	0	neutral	SILVER
columbare	noun	0	neutral	SILVER
columbarius	adj	0	neutral	SILVER
comitas	noun	1	positive	SILVER
comitiae	noun	1	positive	SILVER
comitium	noun	0.5	positive	SILVER
commemoramentom	noun	0	neutral	SILVER
commoditas	noun	0.5	positive	SILVER
commoinis	adj	0	neutral	SILVER
communalis	adj	0	neutral	SILVER
communitas	noun	0	neutral	SILVER
comoedia	noun	0	neutral	SILVER
complementom	noun	0	neutral	SILVER
compressor	noun	-1	negative	SILVER
computator	noun	0	neutral	SILVER
conbustio	noun	0	neutral	SILVER
concordis	adj	1	positive	SILVER
concors	adj	1	positive	SILVER
condicio	noun	0	neutral	SILVER
conductom	noun	0	neutral	SILVER
confectoriom	noun	0	neutral	SILVER
coniom	noun	0	neutral	SILVER
coniugalis	adj	-0.5	negative	SILVER
coniunx	noun	-0.5	negative	SILVER
conmune	noun	0	neutral	SILVER
connubiom	noun	0.5	positive	SILVER
conpages	noun	0.5	positive	SILVER
conparatio	noun	0	neutral	SILVER
conpilatio	noun	-1	negative	SILVER
conplexus	noun	0	neutral	SILVER
conreptio	noun	-0.5	negative	SILVER
consanguineus	adj	0	neutral	SILVER
consiliarius	adj	0.5	positive	SILVER
consiliom	noun	0.5	positive	SILVER
consol	noun	0.5	positive	SILVER
consors	noun	1	positive	SILVER
consularis	adj	0.5	positive	SILVER
contumax	adj	-1	negative	SILVER
copiarius	noun	0.5	positive	SILVER
cops	adj	0.5	positive	SILVER
coquos	noun	0	neutral	SILVER
corporalis	adj	0	neutral	SILVER
corporeus	adj	0	neutral	SILVER
corpulentus	adj	-0.5	negative	SILVER
corruptio	noun	-1	negative	SILVER
corytos	noun	0	neutral	SILVER
cosmis	adj	1	positive	SILVER
cremiom	noun	0	neutral	SILVER
crepitacillom	noun	0	neutral	SILVER
criminalis	adj	-1	negative	SILVER
culpa	noun	-1	negative	SILVER
cunctus	adj	0	neutral	SILVER
cupidinarii	noun	-0.5	negative	SILVER
curia	noun	-1	negative	SILVER
cutis	noun	0	neutral	SILVER
debil	adj	-1	negative	SILVER
debilis	adj	-1	negative	SILVER
dedecus	noun	-1	negative	SILVER
defatigatio	noun	-1	negative	SILVER
deinus	adj	0.5	positive	SILVER
deitas	noun	0	neutral	SILVER
delictum	noun	-1	negative	SILVER
demens	adj	-1	negative	SILVER
depactio	noun	0	neutral	SILVER
deridiculom	noun	-1	negative	SILVER
destinatio	noun	-1	negative	SILVER
deuersoriom	noun	0	neutral	SILVER
dextra	noun	0	neutral	SILVER
dextrale	noun	0	neutral	SILVER
diabathrarius	noun	0	neutral	SILVER
diabathrom	noun	0	neutral	SILVER
diaes	noun	0	neutral	SILVER
dialis	adj	0	neutral	SILVER
diarium	noun	0	neutral	SILVER
dictum	noun	0	neutral	SILVER
difficultas	noun	-0.5	negative	SILVER
dignitas	noun	1	positive	SILVER
diligentia	noun	0.5	positive	SILVER
disciplina	noun	0	neutral	SILVER
discrimen	noun	-1	negative	SILVER
dissidiom	noun	-1	negative	SILVER
diuinitas	noun	0.5	positive	SILVER
diuitiae	noun	0.5	positive	SILVER
diurnus	adj	0	neutral	SILVER
diuus	adj	0	neutral	SILVER
docimen	noun	0	neutral	SILVER
docimentom	noun	0	neutral	SILVER
doctor	noun	0.5	positive	SILVER
doctrina	noun	0	neutral	SILVER
domesticus	adj	0	neutral	SILVER
dominatio	noun	0	neutral	SILVER
dramaticos	adj	0	neutral	SILVER
dubietas	noun	-0.5	negative	SILVER
ducalis	adj	0.5	positive	SILVER
duchissa	noun	0	neutral	SILVER
duenos	adj	1	positive	SILVER
dulcedo	noun	0.5	positive	SILVER
dulciarius	adj	0.5	positive	SILVER
dulcitas	noun	0.5	positive	SILVER
dulcitudo	noun	0.5	positive	SILVER
dunus	adj	1	positive	SILVER
duonus	adj	1	positive	SILVER
duplicaris	adj	0	neutral	SILVER
duplicarius	adj	0	neutral	SILVER
duritas	noun	-0.5	negative	SILVER
duritia	noun	-0.5	negative	SILVER
durities	noun	-0.5	negative	SILVER
duritudo	noun	-0.5	negative	SILVER
ebrius	adj	-0.5	negative	SILVER
ecfluxus	adj	0	neutral	SILVER
edera	noun	0	neutral	SILVER
editus	adj	0.5	positive	SILVER
efficax	adj	1	positive	SILVER
effigies	noun	0	neutral	SILVER
egregius	adj	0	neutral	SILVER
emissariom	noun	0	neutral	SILVER
epos	noun	0	neutral	SILVER
equitatus	adj	0	neutral	SILVER
eritudo	noun	0	neutral	SILVER
erro	noun	0	neutral	SILVER
erus	noun	0	neutral	SILVER
essentialis	adj	0	neutral	SILVER
etas	noun	0	neutral	SILVER
euentom	noun	0	neutral	SILVER
eugenius	adj	0.5	positive	SILVER
exagoge	noun	0	neutral	SILVER
excelsitas	noun	1	positive	SILVER
excidiom	noun	-1	negative	SILVER
excusatio	noun	0.5	positive	SILVER
exemplare	noun	0	neutral	SILVER
exemplum	noun	0	neutral	SILVER
exequialis	adj	-0.5	negative	SILVER
exercitualis	adj	0	neutral	SILVER
exiguitas	noun	0.5	positive	SILVER
exiguus	adj	0	neutral	SILVER
exilis	adj	0	neutral	SILVER
exilium	noun	-1	negative	SILVER
eximius	adj	1	positive	SILVER
exsecrabilis	adj	-1	negative	SILVER
exsemplar	noun	0	neutral	SILVER
exsemplare	noun	0	neutral	SILVER
exsequiae	noun	-0.5	negative	SILVER
exstremom	noun	0	neutral	SILVER
exsul	noun	-1	negative	SILVER
externus	adj	0	neutral	SILVER
exterus	adj	0	neutral	SILVER
extimom	noun	0	neutral	SILVER
extremitas	noun	0	neutral	SILVER
exularis	adj	-1	negative	SILVER
exuperantia	noun	0.5	positive	SILVER
faber	noun	0	neutral	SILVER
fabularis	adj	0	neutral	SILVER
facetus	adj	0	neutral	SILVER
facialia	noun	0	neutral	SILVER
facilitas	noun	0.5	positive	SILVER
facinus	noun	-1	negative	SILVER
factio	noun	0.5	positive	SILVER
factom	noun	-1	negative	SILVER
factum	noun	-1	negative	SILVER
facultas	noun	0.5	positive	SILVER
faeles	noun	0	neutral	SILVER
faetor	noun	-1	negative	SILVER
faex	noun	-1	negative	SILVER
falsilocus	adj	-1	negative	SILVER
falsiloquium	noun	-1	negative	SILVER
familiaris	noun	1	positive	SILVER
farmacopola	noun	0	neutral	SILVER
farraceus	adj	0	neutral	SILVER
farrarius	adj	0	neutral	SILVER
farratus	adj	0	neutral	SILVER
farreatus	adj	0	neutral	SILVER
farreus	adj	0	neutral	SILVER
farricus	adj	0	neutral	SILVER
fatalitas	noun	0	neutral	SILVER
fatibula	noun	0	neutral	SILVER
fatum	noun	0	neutral	SILVER
faustitas	noun	1	positive	SILVER
felicitas	noun	1	positive	SILVER
felixs	adj	1	positive	SILVER
femina	noun	0	neutral	SILVER
feminal	noun	-0.5	negative	SILVER
femineus	adj	-0.5	negative	SILVER
ferox	adj	-1	negative	SILVER
ferruginus	adj	0	neutral	SILVER
ferrugo	noun	0	neutral	SILVER
fidelitas	noun	1	positive	SILVER
fidis	noun	1	positive	SILVER
fiducia	noun	0.5	positive	SILVER
filietas	noun	0	neutral	SILVER
finalis	adj	0	neutral	SILVER
flagitiom	noun	-1	negative	SILVER
flagitium	noun	-1	negative	SILVER
flexibilis	adj	0	neutral	SILVER
fluctus	noun	0	neutral	SILVER
fluentum	noun	0	neutral	SILVER
focacius	adj	0	neutral	SILVER
focaris	adj	0	neutral	SILVER
focarius	adj	0	neutral	SILVER
foedus	adj	-1	negative	SILVER
foemina	noun	-0.5	negative	SILVER
forma	noun	1	positive	SILVER
formonsulus	adj	0.5	positive	SILVER
formosus	adj	1	positive	SILVER
fornacalis	adj	0	neutral	SILVER
fornacarius	adj	0	neutral	SILVER
fors	noun	0	neutral	SILVER
fortitas	noun	0.5	positive	SILVER
fortitudo	noun	0.5	positive	SILVER
fortuna	noun	0	neutral	SILVER
fortunatus	adj	1	positive	SILVER
fortuniom	noun	1	positive	SILVER
fostis	noun	-1	negative	SILVER
fraternus	adj	0	neutral	SILVER
fratrabilis	adj	0	neutral	SILVER
fratria	noun	0	neutral	SILVER
frugi	adj	1	positive	SILVER
frutex	noun	0	neutral	SILVER
fruticetom	noun	0	neutral	SILVER
fugium	noun	-0.5	negative	SILVER
fulchrom	noun	0	neutral	SILVER
fundus	noun	0	neutral	SILVER
furnaceus	adj	0	neutral	SILVER
furnax	noun	0	neutral	SILVER
furtiuus	adj	-1	negative	SILVER
furtom	noun	-1	negative	SILVER
futilitas	noun	-1	negative	SILVER
futtilis	adj	-1	negative	SILVER
gaudium	noun	1	positive	SILVER
generalis	adj	0	neutral	SILVER
genitalicii	noun	0	neutral	SILVER
genitus	noun	0	neutral	SILVER
genticus	adj	0.5	positive	SILVER
gentilis	adj	0.5	positive	SILVER
genuale	noun	0	neutral	SILVER
glomerarius	noun	0	neutral	SILVER
gloria	noun	0	neutral	SILVER
gnobilis	adj	1	positive	SILVER
gradus	noun	0	neutral	SILVER
grandis	adj	0	neutral	SILVER
grauedo	noun	-0.5	negative	SILVER
grauiditas	noun	0	neutral	SILVER
grauitas	noun	-0.5	negative	SILVER
grauitudo	noun	-0.5	negative	SILVER
gremiom	noun	0	neutral	SILVER
grossitas	noun	-0.5	negative	SILVER
grossitudo	noun	-0.5	negative	SILVER
hebetudo	noun	-0.5	negative	SILVER
hederaceus	adj	0	neutral	SILVER
hederatus	adj	0	neutral	SILVER
helluo	noun	0	neutral	SILVER
hemonus	adj	0	neutral	SILVER
hilaritas	noun	1	positive	SILVER
hinnuleus	noun	0	neutral	SILVER
hirsutus	adj	-0.5	negative	SILVER
hirtus	adj	-0.5	negative	SILVER
hispidus	adj	-0.5	negative	SILVER
homicidalis	adj	-1	negative	SILVER
homicidium	noun	-1	negative	SILVER
honestas	noun	1	positive	SILVER
honestitas	noun	1	positive	SILVER
honestitudo	noun	1	positive	SILVER
honustus	adj	-0.5	negative	SILVER
hosticus	adj	-1	negative	SILVER
hostilis	adj	-1	negative	SILVER
humanitas	noun	0	neutral	SILVER
idealis	adj	0	neutral	SILVER
igneus	adj	0	neutral	SILVER
igniarius	adj	0	neutral	SILVER
ignicans	adj	0	neutral	SILVER
ignobilis	adj	-1	negative	SILVER
ignobilitas	noun	-1	negative	SILVER
ignominia	noun	0	neutral	SILVER
ignorantia	noun	0	neutral	SILVER
illautus	adj	-0.5	negative	SILVER
illex	adj	-0.5	negative	SILVER
illocalis	adj	0	neutral	SILVER
imbonitas	noun	-1	negative	SILVER
immanis	adj	0	neutral	SILVER
immanitas	noun	-1	negative	SILVER
immediatus	adj	0	neutral	SILVER
immemoratio	noun	-0.5	negative	SILVER
immensus	adj	0	neutral	SILVER
immortalitas	noun	0.5	positive	SILVER
immunditas	noun	-1	negative	SILVER
immunditia	noun	-1	negative	SILVER
immundities	noun	-1	negative	SILVER
immundus	adj	-0.5	negative	SILVER
impar	adj	-0.5	negative	SILVER
imparitas	noun	-0.5	negative	SILVER
impassibilis	adj	-0.5	negative	SILVER
impeiriom	noun	0	neutral	SILVER
imperator	noun	0.5	positive	SILVER
imperfectio	noun	-0.5	negative	SILVER
imperiom	noun	0	neutral	SILVER
impersonalis	adj	0	neutral	SILVER
impius	adj	-1	negative	SILVER
implanus	adj	0	neutral	SILVER
improbitas	noun	-1	negative	SILVER
improcerus	adj	-0.5	negative	SILVER
improlis	adj	0	neutral	SILVER
improlus	adj	0	neutral	SILVER
improprietas	noun	0	neutral	SILVER
improprius	adj	0	neutral	SILVER
impuritas	noun	-1	negative	SILVER
impuritia	noun	-1	negative	SILVER
impurus	adj	-1	negative	SILVER
imputribilis	adj	1	positive	SILVER
inabstinentia	noun	-1	negative	SILVER
inaequalis	adj	-0.5	negative	SILVER
inaequus	adj	-0.5	negative	SILVER
inanimis	adj	-0.5	negative	SILVER
inanimus	adj	-0.5	negative	SILVER
inartificialis	adj	0	neutral	SILVER
inauarus	adj	1	positive	SILVER
incapax	adj	0	neutral	SILVER
incassus	adj	1	positive	SILVER
incertitudo	noun	-0.5	negative	SILVER
inciuilis	adj	-0.5	negative	SILVER
inciuilitas	noun	-0.5	negative	SILVER
inclarus	adj	-0.5	negative	SILVER
inclutus	adj	0.5	positive	SILVER
inclytus	adj	1	positive	SILVER
incolor	adj	0	neutral	SILVER
incolumis	adj	-0.5	negative	SILVER
incolumitas	noun	-0.5	negative	SILVER
incomis	adj	-1	negative	SILVER
incommodesticus	adj	-0.5	negative	SILVER
incommoditas	noun	-0.5	negative	SILVER
incommodus	adj	-0.5	negative	SILVER
incommunis	adj	0	neutral	SILVER
incongruitas	noun	-1	negative	SILVER
inconsonus	adj	-1	negative	SILVER
inconspicuus	adj	-1	negative	SILVER
incontumacia	noun	1	positive	SILVER
incorporalis	adj	0	neutral	SILVER
incorporeus	adj	0	neutral	SILVER
incorruptio	noun	1	positive	SILVER
incuria	noun	1	positive	SILVER
incuriosus	adj	0.5	positive	SILVER
indecor	adj	-1	negative	SILVER
indignitas	noun	-1	negative	SILVER
indignus	adj	-1	negative	SILVER
indolorius	adj	1	positive	SILVER
indubitabilis	adj	0.5	positive	SILVER
inefficax	adj	-1	negative	SILVER
inermis	adj	0	neutral	SILVER
inermus	adj	0	neutral	SILVER
iners	adj	0	neutral	SILVER
inertia	noun	0	neutral	SILVER
infans	adj	-0.5	negative	SILVER
infans	noun	0	neutral	SILVER
infaustus	adj	-1	negative	SILVER
infelicitas	noun	-1	negative	SILVER
infelix	adj	-1	negative	SILVER
infimitas	noun	0	neutral	SILVER
infimus	adj	0	neutral	SILVER
infinis	adj	0	neutral	SILVER
infinitas	noun	0	neutral	SILVER
inflabilis	adj	0	neutral	SILVER
inflexibilis	adj	0	neutral	SILVER
informis	adj	-1	negative	SILVER
infumus	adj	0	neutral	SILVER
ingenium	noun	0.5	positive	SILVER
ingenuitas	noun	0.5	positive	SILVER
ingenuos	adj	0.5	positive	SILVER
ingratia	noun	-1	negative	SILVER
ingratitudo	noun	-1	negative	SILVER
inhonestas	noun	-1	negative	SILVER
inhonoris	adj	-1	negative	SILVER
inhumanatus	adj	0	neutral	SILVER
inhumanitas	noun	0	neutral	SILVER
inhumanus	adj	0	neutral	SILVER
inimicus	noun	-1	negative	SILVER
iniocundus	adj	-1	negative	SILVER
iniquitas	noun	-1	negative	SILVER
iniucunditas	noun	-1	negative	SILVER
iniucundus	adj	-1	negative	SILVER
iniurius	adj	-0.5	negative	SILVER
iniustitia	noun	-1	negative	SILVER
iniustus	adj	-1	negative	SILVER
inlaetabilis	adj	-1	negative	SILVER
inlex	adj	-0.5	negative	SILVER
inmedicabilis	adj	-0.5	negative	SILVER
inmoderatus	adj	-1	negative	SILVER
inmortalis	adj	0.5	positive	SILVER
inmundus	adj	-1	negative	SILVER
innocens	adj	0.5	positive	SILVER
innocuos	adj	0.5	positive	SILVER
innominis	adj	0	neutral	SILVER
inordinalis	adj	-0.5	negative	SILVER
inormitas	noun	-0.5	negative	SILVER
inorus	adj	0	neutral	SILVER
inpar	adj	-0.5	negative	SILVER
inpassibilitas	noun	-0.5	negative	SILVER
inperialis	adj	0	neutral	SILVER
inprobulus	adj	-0.5	negative	SILVER
inprobus	adj	-1	negative	SILVER
inproprius	adj	0	neutral	SILVER
inpurus	adj	-1	negative	SILVER
inpuritas	noun	-1	negative	SILVER
inpuritia	noun	-1	negative	SILVER
inputatio	noun	-0.5	negative	SILVER
insanus	adj	-1	negative	SILVER
insapiens	adj	-1	negative	SILVER
insciens	adj	0	neutral	SILVER
inscientia	noun	0	neutral	SILVER
inscitia	noun	0	neutral	SILVER
inscitus	adj	0	neutral	SILVER
insecundus	adj	0	neutral	SILVER
insensualis	adj	-0.5	negative	SILVER
insensualitas	noun	-0.5	negative	SILVER
insigniarius	noun	0	neutral	SILVER
insignis	adj	0	neutral	SILVER
insignus	adj	0	neutral	SILVER
insincerus	adj	-0.5	negative	SILVER
insipientia	noun	-1	negative	SILVER
insolidus	adj	-0.5	negative	SILVER
insollers	adj	-1	negative	SILVER
insomnia	noun	-0.5	negative	SILVER
insomnietas	noun	-0.5	negative	SILVER
insomnitas	noun	-0.5	negative	SILVER
insomnium	noun	0.5	positive	SILVER
inspiritalis	adj	0	neutral	SILVER
instabilis	adj	-0.5	negative	SILVER
instabilitas	noun	-0.5	negative	SILVER
instructus	adj	0.5	positive	SILVER
insuauitas	noun	-1	negative	SILVER
insufficientia	noun	-1	negative	SILVER
integritas	noun	0.5	positive	SILVER
integritudo	noun	0.5	positive	SILVER
intellectualis	adj	0	neutral	SILVER
intemperans	adj	-1	negative	SILVER
intemporalis	adj	0	neutral	SILVER
interfector	noun	-1	negative	SILVER
interitus	noun	-1	negative	SILVER
interminis	adj	0	neutral	SILVER
interminus	adj	0	neutral	SILVER
internecio	noun	-1	negative	SILVER
intestinarius	adj	0	neutral	SILVER
intrectabilis	adj	0	neutral	SILVER
intutus	adj	-0.5	negative	SILVER
inualidus	adj	-1	negative	SILVER
inualitudo	noun	-1	negative	SILVER
inueitus	adj	-0.5	negative	SILVER
inueniabilis	adj	-1	negative	SILVER
inuenustus	adj	-1	negative	SILVER
inuerus	adj	-0.5	negative	SILVER
inueteratus	adj	0	neutral	SILVER
inuiolentus	adj	1	positive	SILVER
inuisibilis	adj	0	neutral	SILVER
inuisibilitas	noun	0	neutral	SILVER
inuitalis	adj	0	neutral	SILVER
inuius	adj	0	neutral	SILVER
inutilis	adj	-1	negative	SILVER
inutilitas	noun	-1	negative	SILVER
iocondus	adj	1	positive	SILVER
ioculus	noun	0.5	positive	SILVER
ioudex	noun	0.5	positive	SILVER
ioudiciom	noun	0.5	positive	SILVER
ious	noun	0.5	positive	SILVER
ira	noun	-1	negative	SILVER
irrationabilis	adj	-0.5	negative	SILVER
irreligio	noun	-1	negative	SILVER
irritamen	noun	0.5	positive	SILVER
itiner	noun	0	neutral	SILVER
itineralis	adj	0	neutral	SILVER
itinerarius	adj	0	neutral	SILVER
iucunditas	noun	1	positive	SILVER
iucunditudo	noun	1	positive	SILVER
iudicatus	noun	0.5	positive	SILVER
iudicialis	adj	0.5	positive	SILVER
iudiciarius	adj	0.5	positive	SILVER
iudiciom	noun	0.5	positive	SILVER
iustitia	noun	1	positive	SILVER
iustitiale	noun	-1	negative	SILVER
iustitiom	noun	-1	negative	SILVER
kausa	noun	0	neutral	SILVER
kaussa	noun	0	neutral	SILVER
labos	noun	-0.5	negative	SILVER
laccatus	adj	0	neutral	SILVER
laccus	noun	0	neutral	SILVER
laculatus	adj	0	neutral	SILVER
lacuna	noun	0	neutral	SILVER
laetitas	noun	1	positive	SILVER
laetitia	noun	1	positive	SILVER
laetities	noun	1	positive	SILVER
laetitudo	noun	1	positive	SILVER
laeuos	adj	-1	negative	SILVER
lanternarius	noun	0	neutral	SILVER
lardom	noun	0	neutral	SILVER
lasarpiciom	noun	0	neutral	SILVER
laserpiciarius	adj	0	neutral	SILVER
laserpiciatus	adj	0	neutral	SILVER
laterna	noun	0	neutral	SILVER
lecio	noun	0	neutral	SILVER
lecticarius	noun	0	neutral	SILVER
lectus	noun	0	neutral	SILVER
legalis	adj	0.5	positive	SILVER
legarium	noun	0.5	positive	SILVER
legionarius	adj	0	neutral	SILVER
leiber	adj	0.5	positive	SILVER
letum	noun	-1	negative	SILVER
leuidensis	adj	0	neutral	SILVER
leuitas	noun	0	neutral	SILVER
leuitudo	noun	0	neutral	SILVER
lexs	noun	0.5	positive	SILVER
libertas	noun	0.5	positive	SILVER
libertinus	noun	0.5	positive	SILVER
libertus	noun	0.5	positive	SILVER
libido	noun	-0.5	negative	SILVER
lienicus	adj	-1	negative	SILVER
lienis	noun	-1	negative	SILVER
limes	noun	0	neutral	SILVER
linteolom	noun	0	neutral	SILVER
liquaminarius	noun	0	neutral	SILVER
liquaminatus	adj	0	neutral	SILVER
litigatus	noun	-0.5	negative	SILVER
litigiom	noun	-0.5	negative	SILVER
littera	noun	0	neutral	SILVER
localis	adj	0	neutral	SILVER
locarius	adj	0	neutral	SILVER
longarius	adj	0	neutral	SILVER
longitia	noun	0	neutral	SILVER
longitudo	noun	0	neutral	SILVER
luctus	noun	-1	negative	SILVER
luculentas	noun	1	positive	SILVER
luculentia	noun	1	positive	SILVER
luculentitas	noun	1	positive	SILVER
luridatus	adj	-1	negative	SILVER
lympha	noun	0	neutral	SILVER
lymphatus	adj	-1	negative	SILVER
lyra	noun	0	neutral	SILVER
macister	noun	0.5	positive	SILVER
maeror	noun	-1	negative	SILVER
maestitia	noun	-1	negative	SILVER
magistralis	adj	0.5	positive	SILVER
magistratus	noun	0.5	positive	SILVER
magnalia	noun	0	neutral	SILVER
magnarii	noun	0	neutral	SILVER
magnarius	adj	0	neutral	SILVER
magnates	noun	0	neutral	SILVER
magnatus	noun	0	neutral	SILVER
magnificus	adj	0	neutral	SILVER
magnitas	noun	0	neutral	SILVER
magnities	noun	0	neutral	SILVER
magnitudo	noun	0	neutral	SILVER
maleficiom	noun	-1	negative	SILVER
maleficium	noun	-1	negative	SILVER
maleficus	adj	-1	negative	SILVER
maleuolentia	noun	-1	negative	SILVER
malitas	noun	-1	negative	SILVER
malitia	noun	-1	negative	SILVER
malities	noun	-1	negative	SILVER
malom	noun	-1	negative	SILVER
manica	noun	0	neutral	SILVER
manuale	noun	0	neutral	SILVER
manuarius	adj	0	neutral	SILVER
manuatus	adj	0	neutral	SILVER
marcha	noun	0	neutral	SILVER
marita	noun	-0.5	negative	SILVER
maritus	noun	0	neutral	SILVER
mas	noun	0	neutral	SILVER
materialis	adj	0	neutral	SILVER
materiarius	adj	0	neutral	SILVER
matratus	noun	0	neutral	SILVER
matrona	noun	-0.5	negative	SILVER
matronalis	adj	-0.5	negative	SILVER
matronatus	noun	-0.5	negative	SILVER
meatus	noun	0	neutral	SILVER
medialis	adj	0	neutral	SILVER
medianus	adj	0	neutral	SILVER
mediatus	adj	0	neutral	SILVER
medicamentarius	adj	0	neutral	SILVER
medicamentom	noun	0	neutral	SILVER
medicina	noun	0	neutral	SILVER
medietas	noun	0	neutral	SILVER
mediocris	adj	0	neutral	SILVER
meiles	noun	0	neutral	SILVER
melota	noun	0	neutral	SILVER
mensalis	adj	0	neutral	SILVER
mensarius	adj	0	neutral	SILVER
mensor	noun	0	neutral	SILVER
mensularius	noun	0	neutral	SILVER
meritom	noun	1	positive	SILVER
meus	adj	0	neutral	SILVER
militarius	adj	0	neutral	SILVER
militia	noun	0	neutral	SILVER
milities	noun	0	neutral	SILVER
milito	noun	0	neutral	SILVER
miseria	noun	-1	negative	SILVER
miseritudo	noun	-1	negative	SILVER
miserus	adj	-1	negative	SILVER
mixus	noun	0	neutral	SILVER
modicus	noun	0	neutral	SILVER
momentum	noun	0	neutral	SILVER
monstrom	noun	0.5	positive	SILVER
monstrositas	noun	-1	negative	SILVER
monstrosus	adj	-1	negative	SILVER
moralis	adj	0.5	positive	SILVER
mortalis	adj	-1	negative	SILVER
mortarium	noun	-1	negative	SILVER
mulier	noun	0	neutral	SILVER
mulierarius	adj	0	neutral	SILVER
mulieritas	noun	0	neutral	SILVER
multicius	adj	0	neutral	SILVER
multitudo	noun	0	neutral	SILVER
mundalis	adj	1	positive	SILVER
munditia	noun	1	positive	SILVER
munitio	noun	-0.5	negative	SILVER
mustum	noun	0	neutral	SILVER
nabis	noun	0	neutral	SILVER
natio	noun	0	neutral	SILVER
naturabilis	adj	0	neutral	SILVER
naturale	noun	0	neutral	SILVER
naturalis	adj	0	neutral	SILVER
nauale	noun	0	neutral	SILVER
naualis	adj	0	neutral	SILVER
nauifragus	adj	-0.5	negative	SILVER
nauium	noun	0	neutral	SILVER
necesse	noun	0	neutral	SILVER
nefarius	adj	-1	negative	SILVER
nefas	noun	-1	negative	SILVER
negligentia	noun	-0.5	negative	SILVER
negotium	noun	-0.5	negative	SILVER
nemo	adj	-0.5	negative	SILVER
nepotalis	adj	0	neutral	SILVER
nepotatus	noun	0	neutral	SILVER
nequam	adj	-1	negative	SILVER
nequam	noun	-1	negative	SILVER
nitiditas	noun	0.5	positive	SILVER
nobilitas	noun	1	positive	SILVER
noctans	adj	0	neutral	SILVER
nocumentom	noun	-0.5	negative	SILVER
noicius	adj	0	neutral	SILVER
nominalis	adj	0	neutral	SILVER
nominarii	noun	0	neutral	SILVER
norma	noun	0.5	positive	SILVER
normalis	adj	0.5	positive	SILVER
nothus	adj	0	neutral	SILVER
noualis	adj	0.5	positive	SILVER
nouitas	noun	0	neutral	SILVER
nouus	noun	1	positive	SILVER
noxa	noun	-1	negative	SILVER
nuculeus	noun	0	neutral	SILVER
nuditas	noun	0	neutral	SILVER
obesitas	noun	-0.5	negative	SILVER
obessus	adj	-0.5	negative	SILVER
obliterus	adj	-1	negative	SILVER
obprobiom	noun	-1	negative	SILVER
obscaenitas	noun	-1	negative	SILVER
obsoletus	adj	-0.5	negative	SILVER
obstaculom	noun	-0.5	negative	SILVER
obstinatio	noun	-1	negative	SILVER
occasio	noun	0.5	positive	SILVER
oclus	noun	0	neutral	SILVER
oculare	noun	0	neutral	SILVER
ocularis	adj	0	neutral	SILVER
ocularius	adj	0	neutral	SILVER
oculatus	adj	0	neutral	SILVER
oculeus	adj	0	neutral	SILVER
odor	noun	0	neutral	SILVER
oesopom	noun	0	neutral	SILVER
oitilis	adj	1	positive	SILVER
oleamentum	noun	0	neutral	SILVER
olearis	adj	0	neutral	SILVER
olearius	adj	0	neutral	SILVER
oleatus	adj	0	neutral	SILVER
oleom	noun	0	neutral	SILVER
opera	noun	-0.5	negative	SILVER
opinio	noun	0	neutral	SILVER
opitimus	adj	1	positive	SILVER
opos	noun	0.5	positive	SILVER
opportunitas	noun	0.5	positive	SILVER
opseruantia	noun	0	neutral	SILVER
orarium	noun	0	neutral	SILVER
orbitas	noun	-0.5	negative	SILVER
orbitudo	noun	-0.5	negative	SILVER
ordinalis	adj	0.5	positive	SILVER
ordinarius	adj	0.5	positive	SILVER
orfanus	noun	-0.5	negative	SILVER
organalis	adj	0	neutral	SILVER
organarius	noun	0	neutral	SILVER
organicus	adj	0	neutral	SILVER
organom	noun	0	neutral	SILVER
orphanitas	noun	-0.5	negative	SILVER
osculom	noun	0	neutral	SILVER
osseus	adj	0	neutral	SILVER
ossuarius	adj	0	neutral	SILVER
otium	noun	0.5	positive	SILVER
ouuius	adj	-0.5	negative	SILVER
oxor	noun	-0.5	negative	SILVER
pannositas	noun	-0.5	negative	SILVER
pannuceatus	adj	-0.5	negative	SILVER
pannucius	adj	-0.5	negative	SILVER
pannum	noun	-0.5	negative	SILVER
pannus	noun	-0.5	negative	SILVER
parabole	noun	0	neutral	SILVER
parabolicus	adj	0	neutral	SILVER
paris	adj	0.5	positive	SILVER
paritas	noun	0.5	positive	SILVER
partialis	adj	0	neutral	SILVER
partiarius	adj	0	neutral	SILVER
partilis	adj	0	neutral	SILVER
paruitas	noun	0	neutral	SILVER
patratus	noun	0	neutral	SILVER
patricius	adj	0	neutral	SILVER
patricus	adj	0	neutral	SILVER
patritus	adj	0	neutral	SILVER
paucitas	noun	-0.5	negative	SILVER
paullom	noun	0	neutral	SILVER
pax	noun	0.5	positive	SILVER
pectinarius	adj	0	neutral	SILVER
pectinatus	adj	0	neutral	SILVER
pedalis	adj	0	neutral	SILVER
pedarii	noun	0	neutral	SILVER
pedarius	adj	0	neutral	SILVER
pedatus	adj	0	neutral	SILVER
pedica	noun	0	neutral	SILVER
pedicus	adj	0	neutral	SILVER
pellarius	adj	0	neutral	SILVER
pelleatus	adj	0	neutral	SILVER
pelleus	adj	0	neutral	SILVER
pellicius	adj	0	neutral	SILVER
pellitus	adj	0	neutral	SILVER
percunctatio	noun	0	neutral	SILVER
percussor	noun	-1	negative	SILVER
perfuga	noun	-1	negative	SILVER
perfugium	noun	-1	negative	SILVER
periclom	noun	-1	negative	SILVER
periculom	noun	-1	negative	SILVER
permistio	noun	0	neutral	SILVER
pernicies	noun	-1	negative	SILVER
pernities	noun	-1	negative	SILVER
perpetoalis	adj	0	neutral	SILVER
perpetuum	noun	0	neutral	SILVER
personalis	adj	0	neutral	SILVER
personarius	noun	0	neutral	SILVER
personatiuus	adj	0	neutral	SILVER
personatus	adj	0	neutral	SILVER
pertinacia	noun	-1	negative	SILVER
petulantia	noun	-0.5	negative	SILVER
philius	noun	0	neutral	SILVER
philologia	noun	0	neutral	SILVER
physiologicus	adj	0	neutral	SILVER
picaria	noun	0	neutral	SILVER
picarius	noun	0	neutral	SILVER
picatus	adj	0	neutral	SILVER
piceus	adj	0	neutral	SILVER
pietas	noun	1	positive	SILVER
pinalis	adj	0	neutral	SILVER
pinetum	noun	0	neutral	SILVER
pineus	adj	0	neutral	SILVER
plaga	noun	0	neutral	SILVER
planicies	noun	0	neutral	SILVER
planus	adj	0	neutral	SILVER
plebicula	noun	-0.5	negative	SILVER
plebs	noun	0	neutral	SILVER
plenitas	noun	0	neutral	SILVER
plenitudo	noun	0	neutral	SILVER
poblicus	adj	0	neutral	SILVER
poetes	noun	0	neutral	SILVER
poeticus	adj	0	neutral	SILVER
polcer	adj	1	positive	SILVER
pollicaris	adj	0	neutral	SILVER
pompa	noun	0.5	positive	SILVER
popolus	noun	0	neutral	SILVER
populacius	adj	0	neutral	SILVER
popularis	adj	0	neutral	SILVER
populetum	noun	0	neutral	SILVER
populeus	adj	0	neutral	SILVER
portio	noun	0	neutral	SILVER
posterius	adj	0	neutral	SILVER
potestas	noun	0.5	positive	SILVER
potis	adj	0	neutral	SILVER
pouer	noun	0	neutral	SILVER
praedium	noun	0	neutral	SILVER
praetor	noun	0.5	positive	SILVER
precarius	adj	0	neutral	SILVER
preimus	adj	0.5	positive	SILVER
primanus	adj	0.5	positive	SILVER
primatus	noun	0.5	positive	SILVER
primitiae	noun	0.5	positive	SILVER
prioratus	noun	0.5	positive	SILVER
priscus	adj	0	neutral	SILVER
pristinus	adj	0	neutral	SILVER
probus	adj	1	positive	SILVER
procerus	adj	0.5	positive	SILVER
progenies	noun	0	neutral	SILVER
prohemiom	noun	0	neutral	SILVER
proles	noun	0	neutral	SILVER
promontoriom	noun	0	neutral	SILVER
propago	noun	0	neutral	SILVER
propicius	adj	1	positive	SILVER
propinquus	adj	0	neutral	SILVER
proprietas	noun	0	neutral	SILVER
prosapia	noun	0	neutral	SILVER
prosper	adj	1	positive	SILVER
prosperitas	noun	1	positive	SILVER
prosperus	adj	1	positive	SILVER
prosthesis	noun	0	neutral	SILVER
proteruus	adj	-0.5	negative	SILVER
prouerbialis	adj	0	neutral	SILVER
prouerbiom	noun	0	neutral	SILVER
prouincialis	adj	0	neutral	SILVER
pthongus	noun	0	neutral	SILVER
puerarius	noun	0	neutral	SILVER
puerilis	adj	0	neutral	SILVER
pueritas	noun	0	neutral	SILVER
pueritia	noun	0	neutral	SILVER
puerities	noun	0	neutral	SILVER
pulchralia	noun	1	positive	SILVER
pulchritas	noun	1	positive	SILVER
pulchritudo	noun	1	positive	SILVER
punctum	noun	0	neutral	SILVER
puritas	noun	1	positive	SILVER
puritia	noun	1	positive	SILVER
pusillitas	noun	0	neutral	SILVER
pusillus	adj	0	neutral	SILVER
putris	adj	-1	negative	SILVER
quaerella	noun	-1	negative	SILVER
quartanus	adj	0	neutral	SILVER
quartarius	adj	0	neutral	SILVER
rabo	noun	0	neutral	SILVER
radix	noun	0	neutral	SILVER
rasoriom	noun	0	neutral	SILVER
recentarius	noun	0	neutral	SILVER
rectus	adj	1	positive	SILVER
redimiculom	noun	0	neutral	SILVER
refugiom	noun	0.5	positive	SILVER
regalis	adj	0	neutral	SILVER
regio	noun	0	neutral	SILVER
regnom	noun	0	neutral	SILVER
religio	noun	1	positive	SILVER
reliquia	noun	0	neutral	SILVER
remedium	noun	0	neutral	SILVER
repertom	noun	0	neutral	SILVER
reprensio	noun	-0.5	negative	SILVER
retialis	adj	0	neutral	SILVER
retiarius	noun	0	neutral	SILVER
retiatus	adj	0	neutral	SILVER
rhythmicus	adj	0	neutral	SILVER
rhythmos	noun	0	neutral	SILVER
rudimentom	noun	0	neutral	SILVER
rus	noun	0	neutral	SILVER
rutaceus	adj	0	neutral	SILVER
rutarius	adj	0	neutral	SILVER
rutatus	adj	0	neutral	SILVER
saburralis	adj	0	neutral	SILVER
saburrarius	noun	0	neutral	SILVER
saccarius	adj	0	neutral	SILVER
saccatom	noun	0	neutral	SILVER
sacceus	adj	0	neutral	SILVER
sacrabilis	adj	1	positive	SILVER
saeuitas	noun	-1	negative	SILVER
saeuitia	noun	-1	negative	SILVER
saeuities	noun	-1	negative	SILVER
saluia	noun	1	positive	SILVER
salutaris	adj	1	positive	SILVER
sanctuariom	noun	0.5	positive	SILVER
sanitas	noun	1	positive	SILVER
scafiom	noun	0	neutral	SILVER
scelio	noun	-1	negative	SILVER
scortillom	noun	-0.5	negative	SILVER
scrutiniom	noun	0	neutral	SILVER
secundanus	adj	0	neutral	SILVER
secundarius	adj	0	neutral	SILVER
securus	adj	1	positive	SILVER
sedes	noun	0	neutral	SILVER
seispes	adj	1	positive	SILVER
sementeriom	noun	-0.5	negative	SILVER
senecio	noun	-0.5	negative	SILVER
senectus	adj	-0.5	negative	SILVER
senectus	noun	0	neutral	SILVER
senex	adj	0	neutral	SILVER
senexs	adj	-0.5	negative	SILVER
senica	noun	-0.5	negative	SILVER
senilis	adj	-0.5	negative	SILVER
senium	noun	-0.5	negative	SILVER
senius	noun	-0.5	negative	SILVER
sensualitas	noun	0.5	positive	SILVER
sensus	noun	0.5	positive	SILVER
sententialis	adj	0	neutral	SILVER
series	noun	0.5	positive	SILVER
seruilis	adj	-0.5	negative	SILVER
seruitus	noun	-0.5	negative	SILVER
seruos	noun	-0.5	negative	SILVER
sica	noun	-1	negative	SILVER
signalis	adj	0	neutral	SILVER
signarius	adj	0	neutral	SILVER
signom	noun	0	neutral	SILVER
simil	adj	0	neutral	SILVER
similitas	noun	0	neutral	SILVER
similitudo	noun	0	neutral	SILVER
simulacrom	noun	0	neutral	SILVER
sinceritas	noun	0.5	positive	SILVER
singillarius	adj	0	neutral	SILVER
singolus	adj	0	neutral	SILVER
singularitas	noun	0	neutral	SILVER
socius	noun	1	positive	SILVER
sodalis	noun	1	positive	SILVER
soledus	adj	0.5	positive	SILVER
solemnis	adj	0	neutral	SILVER
solers	adj	1	positive	SILVER
solidus	adj	0.5	positive	SILVER
solidus	noun	0	neutral	SILVER
sollemnitas	noun	0	neutral	SILVER
sollertia	noun	1	positive	SILVER
solum	noun	0	neutral	SILVER
solus	adj	-0.5	negative	SILVER
somnium	noun	0.5	positive	SILVER
somnus	noun	0.5	positive	SILVER
sophus	noun	1	positive	SILVER
sospita	noun	1	positive	SILVER
sospitas	noun	1	positive	SILVER
speculum	noun	0	neutral	SILVER
speculus	noun	0	neutral	SILVER
spiculom	noun	0	neutral	SILVER
spiritualis	adj	0	neutral	SILVER
spiritus	noun	0	neutral	SILVER
squaliditas	noun	-1	negative	SILVER
squamossus	adj	0	neutral	SILVER
stabilitas	noun	0.5	positive	SILVER
status	noun	0	neutral	SILVER
stellio	noun	-1	negative	SILVER
stilicidiom	noun	-0.5	negative	SILVER
stillicidiom	noun	-0.5	negative	SILVER
stlocus	noun	0	neutral	SILVER
strenuos	adj	1	positive	SILVER
suauis	adj	0.5	positive	SILVER
subdititius	adj	-0.5	negative	SILVER
subfragiom	noun	0	neutral	SILVER
sublimis	adj	0.5	positive	SILVER
submorosus	adj	-0.5	negative	SILVER
suboles	noun	0.5	positive	SILVER
subpositicius	adj	0	neutral	SILVER
subrepticius	adj	-0.5	negative	SILVER
sucophantia	noun	-1	negative	SILVER
suffimentom	noun	0	neutral	SILVER
suffragiom	noun	0	neutral	SILVER
suffugium	noun	-1	negative	SILVER
superuacaneus	adj	-1	negative	SILVER
symposion	noun	0	neutral	SILVER
symposium	noun	0	neutral	SILVER
syncerus	adj	0.5	positive	SILVER
syncope	noun	0	neutral	SILVER
tabellarius	adj	0	neutral	SILVER
tabernola	noun	0	neutral	SILVER
taciturnus	adj	0	neutral	SILVER
talaris	adj	0	neutral	SILVER
talarius	adj	0	neutral	SILVER
tempestas	noun	0	neutral	SILVER
temporalis	adj	0	neutral	SILVER
temporarius	adj	0	neutral	SILVER
tenuiarius	adj	0	neutral	SILVER
tenuitas	noun	0	neutral	SILVER
tera	noun	0	neutral	SILVER
terminus	noun	0	neutral	SILVER
terralis	adj	0	neutral	SILVER
terrarius	adj	0	neutral	SILVER
terreus	adj	0	neutral	SILVER
tertianus	adj	0	neutral	SILVER
tertiarius	adj	0	neutral	SILVER
testa	noun	0	neutral	SILVER
tignarius	adj	0	neutral	SILVER
tignom	noun	0	neutral	SILVER
trabalis	adj	0	neutral	SILVER
trabaria	noun	0	neutral	SILVER
trabea	noun	0	neutral	SILVER
trabis	noun	0	neutral	SILVER
tractus	noun	0	neutral	SILVER
traenna	noun	0	neutral	SILVER
transfuga	noun	-1	negative	SILVER
traps	noun	0	neutral	SILVER
trimatus	noun	0	neutral	SILVER
tristitas	noun	-1	negative	SILVER
tristitudo	noun	-1	negative	SILVER
triuium	noun	0	neutral	SILVER
trochlea	noun	0	neutral	SILVER
trochlia	noun	0	neutral	SILVER
troclea	noun	0	neutral	SILVER
troclia	noun	0	neutral	SILVER
troculea	noun	0	neutral	SILVER
tropaeom	noun	0.5	positive	SILVER
tumiditas	noun	-0.5	negative	SILVER
turba	noun	0	neutral	SILVER
turpedo	noun	-1	negative	SILVER
turpitudo	noun	-1	negative	SILVER
tussedo	noun	0	neutral	SILVER
tussicus	adj	0	neutral	SILVER
uaciuitas	noun	0	neutral	SILVER
uaegrandis	adj	0	neutral	SILVER
ualiditas	noun	1	positive	SILVER
uarianus	adj	0	neutral	SILVER
uarietas	noun	0	neutral	SILVER
uaro	noun	-1	negative	SILVER
uarro	noun	-1	negative	SILVER
uastitas	noun	-1	negative	SILVER
uastitia	noun	-1	negative	SILVER
uastities	noun	-1	negative	SILVER
uastitudo	noun	-1	negative	SILVER
uea	noun	0	neutral	SILVER
ueiuus	adj	0	neutral	SILVER
uena	noun	0	neutral	SILVER
uenetom	noun	0	neutral	SILVER
ueniabilis	adj	1	positive	SILVER
uenialis	adj	1	positive	SILVER
uerbalis	adj	0	neutral	SILVER
uerbom	noun	0	neutral	SILVER
ueritas	noun	0.5	positive	SILVER
uerom	noun	1	positive	SILVER
uestibulom	noun	0	neutral	SILVER
ueter	adj	0	neutral	SILVER
ueterarius	adj	0	neutral	SILVER
ueteretum	noun	0	neutral	SILVER
ueternositas	noun	-0.5	negative	SILVER
ueternus	adj	0	neutral	SILVER
uetranus	adj	0.5	positive	SILVER
uetustas	noun	-0.5	negative	SILVER
uetustus	adj	0	neutral	SILVER
uialis	adj	0	neutral	SILVER
uiarius	adj	0	neutral	SILVER
uicinia	noun	0	neutral	SILVER
uicinitas	noun	0	neutral	SILVER
uiolentia	noun	-1	negative	SILVER
uiperalis	adj	0	neutral	SILVER
uipereus	adj	0	neutral	SILVER
uiracius	adj	0.5	positive	SILVER
uiratus	noun	0.5	positive	SILVER
uirilis	adj	0.5	positive	SILVER
uisibilitas	noun	0	neutral	SILVER
uitalis	adj	0	neutral	SILVER
uiuarius	adj	0	neutral	SILVER
unda	noun	0	neutral	SILVER
unianimis	adj	1	positive	SILVER
uniuersalitas	noun	0	neutral	SILVER
uniuersitas	noun	0	neutral	SILVER
uniuersum	noun	0	neutral	SILVER
uocalis	adj	0	neutral	SILVER
uociuus	adj	0	neutral	SILVER
upilio	noun	0	neutral	SILVER
urbanus	noun	0.5	positive	SILVER
urbicus	adj	0.5	positive	SILVER
urps	noun	0.5	positive	SILVER
utilitas	noun	1	positive	SILVER
uulgus	noun	0	neutral	SILVER
uxor	noun	0	neutral	SILVER
uxoratus	adj	-0.5	negative	SILVER
uyr	noun	0.5	positive	SILVER